{"meta": {"version": 1, "code": 200, "request": "http://nba.cloud/games/0042300131/boxscore?Format=json", "time": "2024-04-20 17:49:44.238609"}, "game": {"gameId": "0042300131", "gameTimeLocal": "2024-04-20T13:00:00-04:00", "gameTimeUTC": "2024-04-20T17:00:00Z", "gameTimeHome": "2024-04-20T13:00:00-04:00", "gameTimeAway": "2024-04-20T13:00:00-04:00", "gameEt": "2024-04-20T13:00:00-04:00", "duration": 153, "gameCode": "20240420/ORLCLE", "gameStatusText": "Final", "gameStatus": 3, "regulationPeriods": 4, "period": 4, "gameClock": "PT00M00.00S", "attendance": 19432, "sellout": "1", "arena": {"arenaId": 1000006, "arenaName": "Rocket Mortgage FieldHouse", "arenaCity": "Cleveland", "arenaState": "OH", "arenaCountry": "US", "arenaTimezone": "America/New_York"}, "officials": [{"personId": 2003, "name": "Pat Fraher", "nameI": "P. Fraher", "firstName": "Pat", "familyName": "Fraher", "jerseyNum": "26", "assignment": "OFFICIAL3"}, {"personId": 200834, "name": "Mark Lindsay", "nameI": "M. Lindsay", "firstName": "Mark", "familyName": "Lindsay", "jerseyNum": "29", "assignment": "OFFICIAL2"}, {"personId": 202058, "name": "James Williams", "nameI": "J. Williams", "firstName": "James", "familyName": "Williams", "jerseyNum": "60", "assignment": "OFFICIAL1"}, {"personId": 1627962, "name": "Jacyn Goble", "nameI": "J. Goble", "firstName": "Jacyn", "familyName": "Goble", "jerseyNum": "68", "assignment": "ALTERNATE"}], "homeTeam": {"teamId": 1610612739, "teamName": "Cavaliers", "teamCity": "Cleveland", "teamTricode": "CLE", "score": 97, "inBonus": "1", "timeoutsRemaining": 2, "periods": [{"period": 1, "periodType": "REGULAR", "score": 33}, {"period": 2, "periodType": "REGULAR", "score": 20}, {"period": 3, "periodType": "REGULAR", "score": 20}, {"period": 4, "periodType": "REGULAR", "score": 24}], "players": [{"status": "ACTIVE", "order": 1, "personId": 1629622, "jerseyNum": "1", "position": "SF", "starter": "1", "oncourt": "1", "played": "1", "statistics": {"assists": 1, "blocks": 0, "blocksReceived": 1, "fieldGoalsAttempted": 8, "fieldGoalsMade": 3, "fieldGoalsPercentage": 0.375, "foulsOffensive": 0, "foulsDrawn": 2, "foulsPersonal": 3, "foulsTechnical": 0, "freeThrowsAttempted": 0, "freeThrowsMade": 0, "freeThrowsPercentage": 0.0, "minus": 61.0, "minutes": "PT32M42.00S", "minutesCalculated": "PT33M", "plus": 74.0, "plusMinusPoints": 13.0, "points": 7, "pointsFastBreak": 2, "pointsInThePaint": 4, "pointsSecondChance": 0, "reboundsDefensive": 9, "reboundsOffensive": 0, "reboundsTotal": 9, "steals": 1, "threePointersAttempted": 5, "threePointersMade": 1, "threePointersPercentage": 0.2, "turnovers": 5, "twoPointersAttempted": 3, "twoPointersMade": 2, "twoPointersPercentage": 0.666666666666666}, "name": "Max Strus", "nameI": "M. Strus", "firstName": "Max", "familyName": "Strus"}, {"status": "ACTIVE", "order": 2, "personId": 1630596, "jerseyNum": "4", "position": "PF", "starter": "1", "oncourt": "1", "played": "1", "statistics": {"assists": 2, "blocks": 3, "blocksReceived": 1, "fieldGoalsAttempted": 12, "fieldGoalsMade": 6, "fieldGoalsPercentage": 0.5, "foulsOffensive": 0, "foulsDrawn": 2, "foulsPersonal": 3, "foulsTechnical": 0, "freeThrowsAttempted": 2, "freeThrowsMade": 2, "freeThrowsPercentage": 1.0, "minus": 60.0, "minutes": "PT36M03.00S", "minutesCalculated": "PT36M", "plus": 65.0, "plusMinusPoints": 5.0, "points": 16, "pointsFastBreak": 0, "pointsInThePaint": 8, "pointsSecondChance": 0, "reboundsDefensive": 9, "reboundsOffensive": 2, "reboundsTotal": 11, "steals": 0, "threePointersAttempted": 4, "threePointersMade": 2, "threePointersPercentage": 0.5, "turnovers": 1, "twoPointersAttempted": 8, "twoPointersMade": 4, "twoPointersPercentage": 0.5}, "name": "Evan Mobley", "nameI": "E. Mobley", "firstName": "Evan", "familyName": "Mobley"}, {"status": "ACTIVE", "order": 3, "personId": 1628386, "jerseyNum": "31", "position": "C", "starter": "1", "oncourt": "1", "played": "1", "statistics": {"assists": 2, "blocks": 0, "blocksReceived": 2, "fieldGoalsAttempted": 10, "fieldGoalsMade": 6, "fieldGoalsPercentage": 0.6, "foulsOffensive": 0, "foulsDrawn": 5, "foulsPersonal": 1, "foulsTechnical": 0, "freeThrowsAttempted": 6, "freeThrowsMade": 4, "freeThrowsPercentage": 0.666666666666666, "minus": 66.0, "minutes": "PT35M10.98S", "minutesCalculated": "PT35M", "plus": 76.0, "plusMinusPoints": 10.0, "points": 16, "pointsFastBreak": 0, "pointsInThePaint": 12, "pointsSecondChance": 4, "reboundsDefensive": 15, "reboundsOffensive": 3, "reboundsTotal": 18, "steals": 2, "threePointersAttempted": 0, "threePointersMade": 0, "threePointersPercentage": 0.0, "turnovers": 0, "twoPointersAttempted": 10, "twoPointersMade": 6, "twoPointersPercentage": 0.6}, "name": "Jarrett Allen", "nameI": "J. Allen", "firstName": "Jarrett", "familyName": "Allen"}, {"status": "ACTIVE", "order": 4, "personId": 1628378, "jerseyNum": "45", "position": "SG", "starter": "1", "oncourt": "1", "played": "1", "statistics": {"assists": 3, "blocks": 0, "blocksReceived": 0, "fieldGoalsAttempted": 21, "fieldGoalsMade": 11, "fieldGoalsPercentage": 0.5238095238095241, "foulsOffensive": 0, "foulsDrawn": 5, "foulsPersonal": 1, "foulsTechnical": 0, "freeThrowsAttempted": 5, "freeThrowsMade": 5, "freeThrowsPercentage": 1.0, "minus": 68.0, "minutes": "PT36M00.00S", "minutesCalculated": "PT36M", "plus": 78.0, "plusMinusPoints": 10.0, "points": 30, "pointsFastBreak": 5, "pointsInThePaint": 14, "pointsSecondChance": 2, "reboundsDefensive": 0, "reboundsOffensive": 2, "reboundsTotal": 2, "steals": 3, "threePointersAttempted": 8, "threePointersMade": 3, "threePointersPercentage": 0.375, "turnovers": 4, "twoPointersAttempted": 13, "twoPointersMade": 8, "twoPointersPercentage": 0.615384615384615}, "name": "Donovan Mitchell", "nameI": "D. Mitchell", "firstName": "Donovan", "familyName": "Mitchell"}, {"status": "ACTIVE", "order": 5, "personId": 1629636, "jerseyNum": "10", "position": "PG", "starter": "1", "oncourt": "1", "played": "1", "statistics": {"assists": 8, "blocks": 0, "blocksReceived": 0, "fieldGoalsAttempted": 11, "fieldGoalsMade": 6, "fieldGoalsPercentage": 0.545454545454545, "foulsOffensive": 0, "foulsDrawn": 5, "foulsPersonal": 4, "foulsTechnical": 0, "freeThrowsAttempted": 0, "freeThrowsMade": 0, "freeThrowsPercentage": 0.0, "minus": 58.0, "minutes": "PT32M23.02S", "minutesCalculated": "PT32M", "plus": 66.0, "plusMinusPoints": 8.0, "points": 14, "pointsFastBreak": 0, "pointsInThePaint": 4, "pointsSecondChance": 0, "reboundsDefensive": 3, "reboundsOffensive": 0, "reboundsTotal": 3, "steals": 1, "threePointersAttempted": 6, "threePointersMade": 2, "threePointersPercentage": 0.333333333333333, "turnovers": 5, "twoPointersAttempted": 5, "twoPointersMade": 4, "twoPointersPercentage": 0.8}, "name": "Darius Garland", "nameI": "D. Garland", "firstName": "Darius", "familyName": "Garland"}, {"status": "ACTIVE", "order": 6, "personId": 1627747, "jerseyNum": "3", "starter": "0", "oncourt": "0", "played": "1", "statistics": {"assists": 2, "blocks": 0, "blocksReceived": 1, "fieldGoalsAttempted": 8, "fieldGoalsMade": 2, "fieldGoalsPercentage": 0.25, "foulsOffensive": 1, "foulsDrawn": 2, "foulsPersonal": 2, "foulsTechnical": 0, "freeThrowsAttempted": 2, "freeThrowsMade": 1, "freeThrowsPercentage": 0.5, "minus": 28.0, "minutes": "PT19M47.00S", "minutesCalculated": "PT20M", "plus": 35.0, "plusMinusPoints": 7.0, "points": 5, "pointsFastBreak": 3, "pointsInThePaint": 4, "pointsSecondChance": 0, "reboundsDefensive": 2, "reboundsOffensive": 2, "reboundsTotal": 4, "steals": 0, "threePointersAttempted": 1, "threePointersMade": 0, "threePointersPercentage": 0.0, "turnovers": 1, "twoPointersAttempted": 7, "twoPointersMade": 2, "twoPointersPercentage": 0.28571428571428603}, "name": "Caris LeVert", "nameI": "C. LeVert", "firstName": "Caris", "familyName": "LeVert"}, {"status": "ACTIVE", "order": 7, "personId": 1627777, "jerseyNum": "20", "starter": "0", "oncourt": "0", "played": "1", "statistics": {"assists": 2, "blocks": 0, "blocksReceived": 1, "fieldGoalsAttempted": 7, "fieldGoalsMade": 1, "fieldGoalsPercentage": 0.14285714285714302, "foulsOffensive": 0, "foulsDrawn": 3, "foulsPersonal": 4, "foulsTechnical": 1, "freeThrowsAttempted": 4, "freeThrowsMade": 3, "freeThrowsPercentage": 0.75, "minus": 40.0, "minutes": "PT24M42.00S", "minutesCalculated": "PT25M", "plus": 53.0, "plusMinusPoints": 13.0, "points": 5, "pointsFastBreak": 0, "pointsInThePaint": 0, "pointsSecondChance": 0, "reboundsDefensive": 3, "reboundsOffensive": 0, "reboundsTotal": 3, "steals": 1, "threePointersAttempted": 4, "threePointersMade": 0, "threePointersPercentage": 0.0, "turnovers": 1, "twoPointersAttempted": 3, "twoPointersMade": 1, "twoPointersPercentage": 0.333333333333333}, "name": "Georges Niang", "nameI": "G. Niang", "firstName": "Georges", "familyName": "Niang"}, {"status": "ACTIVE", "order": 8, "personId": 1630171, "jerseyNum": "35", "starter": "0", "oncourt": "0", "played": "1", "statistics": {"assists": 0, "blocks": 1, "blocksReceived": 0, "fieldGoalsAttempted": 2, "fieldGoalsMade": 1, "fieldGoalsPercentage": 0.5, "foulsOffensive": 0, "foulsDrawn": 1, "foulsPersonal": 2, "foulsTechnical": 1, "freeThrowsAttempted": 2, "freeThrowsMade": 2, "freeThrowsPercentage": 1.0, "minus": 27.0, "minutes": "PT18M57.00S", "minutesCalculated": "PT19M", "plus": 31.0, "plusMinusPoints": 4.0, "points": 4, "pointsFastBreak": 2, "pointsInThePaint": 2, "pointsSecondChance": 0, "reboundsDefensive": 2, "reboundsOffensive": 0, "reboundsTotal": 2, "steals": 1, "threePointersAttempted": 0, "threePointersMade": 0, "threePointersPercentage": 0.0, "turnovers": 0, "twoPointersAttempted": 2, "twoPointersMade": 1, "twoPointersPercentage": 0.5}, "name": "Isaac Okoro", "nameI": "I. Okoro", "firstName": "Isaac", "familyName": "Okoro"}, {"status": "ACTIVE", "order": 9, "personId": 1630241, "jerseyNum": "5", "starter": "0", "oncourt": "0", "played": "1", "statistics": {"assists": 1, "blocks": 0, "blocksReceived": 1, "fieldGoalsAttempted": 2, "fieldGoalsMade": 0, "fieldGoalsPercentage": 0.0, "foulsOffensive": 0, "foulsDrawn": 0, "foulsPersonal": 1, "foulsTechnical": 0, "freeThrowsAttempted": 0, "freeThrowsMade": 0, "freeThrowsPercentage": 0.0, "minus": 7.0, "minutes": "PT04M15.00S", "minutesCalculated": "PT04M", "plus": 7.0, "plusMinusPoints": 0.0, "points": 0, "pointsFastBreak": 0, "pointsInThePaint": 0, "pointsSecondChance": 0, "reboundsDefensive": 1, "reboundsOffensive": 1, "reboundsTotal": 2, "steals": 0, "threePointersAttempted": 2, "threePointersMade": 0, "threePointersPercentage": 0.0, "turnovers": 0, "twoPointersAttempted": 0, "twoPointersMade": 0, "twoPointersPercentage": 0.0}, "name": "Sam Merrill", "nameI": "S. Merrill", "firstName": "Sam", "familyName": "Merrill"}, {"status": "ACTIVE", "order": 10, "personId": 1627745, "jerseyNum": "30", "starter": "0", "oncourt": "0", "played": "0", "statistics": {"assists": 0, "blocks": 0, "blocksReceived": 0, "fieldGoalsAttempted": 0, "fieldGoalsMade": 0, "fieldGoalsPercentage": 0.0, "foulsOffensive": 0, "foulsDrawn": 0, "foulsPersonal": 0, "foulsTechnical": 0, "freeThrowsAttempted": 0, "freeThrowsMade": 0, "freeThrowsPercentage": 0.0, "minus": 0.0, "minutes": "PT00M00.00S", "minutesCalculated": "PT00M", "plus": 0.0, "plusMinusPoints": 0.0, "points": 0, "pointsFastBreak": 0, "pointsInThePaint": 0, "pointsSecondChance": 0, "reboundsDefensive": 0, "reboundsOffensive": 0, "reboundsTotal": 0, "steals": 0, "threePointersAttempted": 0, "threePointersMade": 0, "threePointersPercentage": 0.0, "turnovers": 0, "twoPointersAttempted": 0, "twoPointersMade": 0, "twoPointersPercentage": 0.0}, "name": "Damian Jones", "nameI": "D. Jones", "firstName": "Damian", "familyName": "Jones"}, {"status": "ACTIVE", "order": 11, "personId": 202694, "jerseyNum": "24", "starter": "0", "oncourt": "0", "played": "0", "statistics": {"assists": 0, "blocks": 0, "blocksReceived": 0, "fieldGoalsAttempted": 0, "fieldGoalsMade": 0, "fieldGoalsPercentage": 0.0, "foulsOffensive": 0, "foulsDrawn": 0, "foulsPersonal": 0, "foulsTechnical": 0, "freeThrowsAttempted": 0, "freeThrowsMade": 0, "freeThrowsPercentage": 0.0, "minus": 0.0, "minutes": "PT00M00.00S", "minutesCalculated": "PT00M", "plus": 0.0, "plusMinusPoints": 0.0, "points": 0, "pointsFastBreak": 0, "pointsInThePaint": 0, "pointsSecondChance": 0, "reboundsDefensive": 0, "reboundsOffensive": 0, "reboundsTotal": 0, "steals": 0, "threePointersAttempted": 0, "threePointersMade": 0, "threePointersPercentage": 0.0, "turnovers": 0, "twoPointersAttempted": 0, "twoPointersMade": 0, "twoPointersPercentage": 0.0}, "name": "Marcus Morris Sr.", "nameI": "M. Morris Sr.", "firstName": "Marcus", "familyName": "Morris Sr."}, {"status": "ACTIVE", "order": 12, "personId": 202684, "jerseyNum": "13", "starter": "0", "oncourt": "0", "played": "0", "statistics": {"assists": 0, "blocks": 0, "blocksReceived": 0, "fieldGoalsAttempted": 0, "fieldGoalsMade": 0, "fieldGoalsPercentage": 0.0, "foulsOffensive": 0, "foulsDrawn": 0, "foulsPersonal": 0, "foulsTechnical": 0, "freeThrowsAttempted": 0, "freeThrowsMade": 0, "freeThrowsPercentage": 0.0, "minus": 0.0, "minutes": "PT00M00.00S", "minutesCalculated": "PT00M", "plus": 0.0, "plusMinusPoints": 0.0, "points": 0, "pointsFastBreak": 0, "pointsInThePaint": 0, "pointsSecondChance": 0, "reboundsDefensive": 0, "reboundsOffensive": 0, "reboundsTotal": 0, "steals": 0, "threePointersAttempted": 0, "threePointersMade": 0, "threePointersPercentage": 0.0, "turnovers": 0, "twoPointersAttempted": 0, "twoPointersMade": 0, "twoPointersPercentage": 0.0}, "name": "Tristan Thompson", "nameI": "T. Thompson", "firstName": "Tristan", "familyName": "Thompson"}, {"status": "INACTIVE", "notPlayingReason": "INACTIVE_COACH", "order": 13, "personId": 1641734, "jerseyNum": "21", "starter": "0", "oncourt": "0", "played": "0", "statistics": {"assists": 0, "blocks": 0, "blocksReceived": 0, "fieldGoalsAttempted": 0, "fieldGoalsMade": 0, "fieldGoalsPercentage": 0.0, "foulsOffensive": 0, "foulsDrawn": 0, "foulsPersonal": 0, "foulsTechnical": 0, "freeThrowsAttempted": 0, "freeThrowsMade": 0, "freeThrowsPercentage": 0.0, "minus": 0.0, "minutes": "PT00M00.00S", "minutesCalculated": "PT00M", "plus": 0.0, "plusMinusPoints": 0.0, "points": 0, "pointsFastBreak": 0, "pointsInThePaint": 0, "pointsSecondChance": 0, "reboundsDefensive": 0, "reboundsOffensive": 0, "reboundsTotal": 0, "steals": 0, "threePointersAttempted": 0, "threePointersMade": 0, "threePointersPercentage": 0.0, "turnovers": 0, "twoPointersAttempted": 0, "twoPointersMade": 0, "twoPointersPercentage": 0.0}, "name": "Emoni Bates", "nameI": "E. Bates", "firstName": "Emoni", "familyName": "Bates"}, {"status": "INACTIVE", "notPlayingReason": "INACTIVE_INJURY", "notPlayingDescription": "Right Ankle; Surgery", "order": 14, "personId": 1629660, "jerseyNum": "2", "starter": "0", "oncourt": "0", "played": "0", "statistics": {"assists": 0, "blocks": 0, "blocksReceived": 0, "fieldGoalsAttempted": 0, "fieldGoalsMade": 0, "fieldGoalsPercentage": 0.0, "foulsOffensive": 0, "foulsDrawn": 0, "foulsPersonal": 0, "foulsTechnical": 0, "freeThrowsAttempted": 0, "freeThrowsMade": 0, "freeThrowsPercentage": 0.0, "minus": 0.0, "minutes": "PT00M00.00S", "minutesCalculated": "PT00M", "plus": 0.0, "plusMinusPoints": 0.0, "points": 0, "pointsFastBreak": 0, "pointsInThePaint": 0, "pointsSecondChance": 0, "reboundsDefensive": 0, "reboundsOffensive": 0, "reboundsTotal": 0, "steals": 0, "threePointersAttempted": 0, "threePointersMade": 0, "threePointersPercentage": 0.0, "turnovers": 0, "twoPointersAttempted": 0, "twoPointersMade": 0, "twoPointersPercentage": 0.0}, "name": "Ty Jerome", "nameI": "T. Jerome", "firstName": "Ty", "familyName": "Jerome"}, {"status": "INACTIVE", "notPlayingReason": "INACTIVE_COACH", "order": 15, "personId": 1630600, "jerseyNum": "15", "starter": "0", "oncourt": "0", "played": "0", "statistics": {"assists": 0, "blocks": 0, "blocksReceived": 0, "fieldGoalsAttempted": 0, "fieldGoalsMade": 0, "fieldGoalsPercentage": 0.0, "foulsOffensive": 0, "foulsDrawn": 0, "foulsPersonal": 0, "foulsTechnical": 0, "freeThrowsAttempted": 0, "freeThrowsMade": 0, "freeThrowsPercentage": 0.0, "minus": 0.0, "minutes": "PT00M00.00S", "minutesCalculated": "PT00M", "plus": 0.0, "plusMinusPoints": 0.0, "points": 0, "pointsFastBreak": 0, "pointsInThePaint": 0, "pointsSecondChance": 0, "reboundsDefensive": 0, "reboundsOffensive": 0, "reboundsTotal": 0, "steals": 0, "threePointersAttempted": 0, "threePointersMade": 0, "threePointersPercentage": 0.0, "turnovers": 0, "twoPointersAttempted": 0, "twoPointersMade": 0, "twoPointersPercentage": 0.0}, "name": "Isaiah Mobley", "nameI": "I. Mobley", "firstName": "Isaiah", "familyName": "Mobley"}, {"status": "INACTIVE", "notPlayingReason": "INACTIVE_COACH", "order": 16, "personId": 1631250, "jerseyNum": "8", "starter": "0", "oncourt": "0", "played": "0", "statistics": {"assists": 0, "blocks": 0, "blocksReceived": 0, "fieldGoalsAttempted": 0, "fieldGoalsMade": 0, "fieldGoalsPercentage": 0.0, "foulsOffensive": 0, "foulsDrawn": 0, "foulsPersonal": 0, "foulsTechnical": 0, "freeThrowsAttempted": 0, "freeThrowsMade": 0, "freeThrowsPercentage": 0.0, "minus": 0.0, "minutes": "PT00M00.00S", "minutesCalculated": "PT00M", "plus": 0.0, "plusMinusPoints": 0.0, "points": 0, "pointsFastBreak": 0, "pointsInThePaint": 0, "pointsSecondChance": 0, "reboundsDefensive": 0, "reboundsOffensive": 0, "reboundsTotal": 0, "steals": 0, "threePointersAttempted": 0, "threePointersMade": 0, "threePointersPercentage": 0.0, "turnovers": 0, "twoPointersAttempted": 0, "twoPointersMade": 0, "twoPointersPercentage": 0.0}, "name": "Pete Nance", "nameI": "P. Nance", "firstName": "Pete", "familyName": "Nance"}, {"status": "INACTIVE", "notPlayingReason": "INACTIVE_INJURY", "notPlayingDescription": "Left Ankle; Sprain", "order": 17, "personId": 1641854, "jerseyNum": "9", "starter": "0", "oncourt": "0", "played": "0", "statistics": {"assists": 0, "blocks": 0, "blocksReceived": 0, "fieldGoalsAttempted": 0, "fieldGoalsMade": 0, "fieldGoalsPercentage": 0.0, "foulsOffensive": 0, "foulsDrawn": 0, "foulsPersonal": 0, "foulsTechnical": 0, "freeThrowsAttempted": 0, "freeThrowsMade": 0, "freeThrowsPercentage": 0.0, "minus": 0.0, "minutes": "PT00M00.00S", "minutesCalculated": "PT00M", "plus": 0.0, "plusMinusPoints": 0.0, "points": 0, "pointsFastBreak": 0, "pointsInThePaint": 0, "pointsSecondChance": 0, "reboundsDefensive": 0, "reboundsOffensive": 0, "reboundsTotal": 0, "steals": 0, "threePointersAttempted": 0, "threePointersMade": 0, "threePointersPercentage": 0.0, "turnovers": 0, "twoPointersAttempted": 0, "twoPointersMade": 0, "twoPointersPercentage": 0.0}, "name": "Craig Porter Jr.", "nameI": "C. Porter Jr.", "firstName": "Craig", "familyName": "Porter Jr."}, {"status": "INACTIVE", "notPlayingReason": "INACTIVE_INJURY", "notPlayingDescription": "Right Knee; Sprain", "order": 18, "personId": 1629731, "jerseyNum": "32", "starter": "0", "oncourt": "0", "played": "0", "statistics": {"assists": 0, "blocks": 0, "blocksReceived": 0, "fieldGoalsAttempted": 0, "fieldGoalsMade": 0, "fieldGoalsPercentage": 0.0, "foulsOffensive": 0, "foulsDrawn": 0, "foulsPersonal": 0, "foulsTechnical": 0, "freeThrowsAttempted": 0, "freeThrowsMade": 0, "freeThrowsPercentage": 0.0, "minus": 0.0, "minutes": "PT00M00.00S", "minutesCalculated": "PT00M", "plus": 0.0, "plusMinusPoints": 0.0, "points": 0, "pointsFastBreak": 0, "pointsInThePaint": 0, "pointsSecondChance": 0, "reboundsDefensive": 0, "reboundsOffensive": 0, "reboundsTotal": 0, "steals": 0, "threePointersAttempted": 0, "threePointersMade": 0, "threePointersPercentage": 0.0, "turnovers": 0, "twoPointersAttempted": 0, "twoPointersMade": 0, "twoPointersPercentage": 0.0}, "name": "Dean Wade", "nameI": "D. Wade", "firstName": "Dean", "familyName": "Wade"}], "statistics": {"assists": 21, "assistsTurnoverRatio": 1.16666666666667, "benchPoints": 14, "biggestLead": 20, "biggestLeadScore": "58-78", "biggestScoringRun": 12, "biggestScoringRunScore": "58-78", "blocks": 4, "blocksReceived": 7, "fastBreakPointsAttempted": 7, "fastBreakPointsMade": 5, "fastBreakPointsPercentage": 0.714285714285714, "fieldGoalsAttempted": 81, "fieldGoalsEffectiveAdjusted": 0.493827160493827, "fieldGoalsMade": 36, "fieldGoalsPercentage": 0.444444444444444, "foulsOffensive": 1, "foulsDrawn": 25, "foulsPersonal": 21, "foulsTeam": 20, "foulsTechnical": 2, "foulsTeamTechnical": 0, "freeThrowsAttempted": 21, "freeThrowsMade": 17, "freeThrowsPercentage": 0.8095238095238101, "leadChanges": 0, "minutes": "PT240M00.00S", "minutesCalculated": "PT240M", "points": 97, "pointsAgainst": 83, "pointsFastBreak": 12, "pointsFromTurnovers": 18, "pointsInThePaint": 48, "pointsInThePaintAttempted": 40, "pointsInThePaintMade": 24, "pointsInThePaintPercentage": 0.6, "pointsSecondChance": 6, "reboundsDefensive": 44, "reboundsOffensive": 10, "reboundsPersonal": 54, "reboundsTeam": 11, "reboundsTeamDefensive": 4, "reboundsTeamOffensive": 7, "reboundsTotal": 65, "secondChancePointsAttempted": 8, "secondChancePointsMade": 2, "secondChancePointsPercentage": 0.25, "steals": 9, "threePointersAttempted": 30, "threePointersMade": 8, "threePointersPercentage": 0.266666666666667, "timeLeading": "PT47M41.00S", "timesTied": 0, "trueShootingAttempts": 90.24, "trueShootingPercentage": 0.537455673758865, "turnovers": 17, "turnoversTeam": 1, "turnoversTotal": 18, "twoPointersAttempted": 51, "twoPointersMade": 28, "twoPointersPercentage": 0.549019607843137}}, "awayTeam": {"teamId": 1610612753, "teamName": "Magic", "teamCity": "Orlando", "teamTricode": "ORL", "score": 83, "inBonus": "1", "timeoutsRemaining": 1, "periods": [{"period": 1, "periodType": "REGULAR", "score": 26}, {"period": 2, "periodType": "REGULAR", "score": 15}, {"period": 3, "periodType": "REGULAR", "score": 17}, {"period": 4, "periodType": "REGULAR", "score": 25}], "players": [{"status": "ACTIVE", "order": 1, "personId": 1630532, "jerseyNum": "22", "position": "SF", "starter": "1", "oncourt": "1", "played": "1", "statistics": {"assists": 3, "blocks": 3, "blocksReceived": 0, "fieldGoalsAttempted": 15, "fieldGoalsMade": 7, "fieldGoalsPercentage": 0.466666666666667, "foulsOffensive": 0, "foulsDrawn": 2, "foulsPersonal": 3, "foulsTechnical": 0, "freeThrowsAttempted": 4, "freeThrowsMade": 2, "freeThrowsPercentage": 0.5, "minus": 76.0, "minutes": "PT37M33.00S", "minutesCalculated": "PT37M", "plus": 69.0, "plusMinusPoints": -7.0, "points": 18, "pointsFastBreak": 2, "pointsInThePaint": 10, "pointsSecondChance": 0, "reboundsDefensive": 6, "reboundsOffensive": 1, "reboundsTotal": 7, "steals": 1, "threePointersAttempted": 6, "threePointersMade": 2, "threePointersPercentage": 0.333333333333333, "turnovers": 0, "twoPointersAttempted": 9, "twoPointersMade": 5, "twoPointersPercentage": 0.555555555555556}, "name": "Franz Wagner", "nameI": "F. Wagner", "firstName": "Franz", "familyName": "Wagner"}, {"status": "ACTIVE", "order": 2, "personId": 1631094, "jerseyNum": "5", "position": "PF", "starter": "1", "oncourt": "1", "played": "1", "statistics": {"assists": 5, "blocks": 0, "blocksReceived": 0, "fieldGoalsAttempted": 17, "fieldGoalsMade": 9, "fieldGoalsPercentage": 0.529411764705882, "foulsOffensive": 1, "foulsDrawn": 5, "foulsPersonal": 3, "foulsTechnical": 0, "freeThrowsAttempted": 8, "freeThrowsMade": 4, "freeThrowsPercentage": 0.5, "minus": 85.0, "minutes": "PT41M15.00S", "minutesCalculated": "PT41M", "plus": 74.0, "plusMinusPoints": -11.0, "points": 24, "pointsFastBreak": 1, "pointsInThePaint": 10, "pointsSecondChance": 2, "reboundsDefensive": 6, "reboundsOffensive": 1, "reboundsTotal": 7, "steals": 0, "threePointersAttempted": 7, "threePointersMade": 2, "threePointersPercentage": 0.28571428571428603, "turnovers": 9, "twoPointersAttempted": 10, "twoPointersMade": 7, "twoPointersPercentage": 0.7}, "name": "Paolo Banchero", "nameI": "P. Banchero", "firstName": "Paolo", "familyName": "Banchero"}, {"status": "ACTIVE", "order": 3, "personId": 1628371, "jerseyNum": "1", "position": "C", "starter": "1", "oncourt": "1", "played": "1", "statistics": {"assists": 1, "blocks": 3, "blocksReceived": 1, "fieldGoalsAttempted": 8, "fieldGoalsMade": 3, "fieldGoalsPercentage": 0.375, "foulsOffensive": 0, "foulsDrawn": 2, "foulsPersonal": 2, "foulsTechnical": 0, "freeThrowsAttempted": 2, "freeThrowsMade": 2, "freeThrowsPercentage": 1.0, "minus": 64.0, "minutes": "PT28M40.00S", "minutesCalculated": "PT29M", "plus": 51.0, "plusMinusPoints": -13.0, "points": 10, "pointsFastBreak": 5, "pointsInThePaint": 2, "pointsSecondChance": 2, "reboundsDefensive": 3, "reboundsOffensive": 2, "reboundsTotal": 5, "steals": 3, "threePointersAttempted": 4, "threePointersMade": 2, "threePointersPercentage": 0.5, "turnovers": 0, "twoPointersAttempted": 4, "twoPointersMade": 1, "twoPointersPercentage": 0.25}, "name": "Jonathan Isaac", "nameI": "J. Isaac", "firstName": "Jonathan", "familyName": "Isaac"}, {"status": "ACTIVE", "order": 4, "personId": 203914, "jerseyNum": "14", "position": "SG", "starter": "1", "oncourt": "1", "played": "1", "statistics": {"assists": 0, "blocks": 0, "blocksReceived": 0, "fieldGoalsAttempted": 6, "fieldGoalsMade": 0, "fieldGoalsPercentage": 0.0, "foulsOffensive": 0, "foulsDrawn": 0, "foulsPersonal": 2, "foulsTechnical": 0, "freeThrowsAttempted": 0, "freeThrowsMade": 0, "freeThrowsPercentage": 0.0, "minus": 70.0, "minutes": "PT33M06.98S", "minutesCalculated": "PT33M", "plus": 58.0, "plusMinusPoints": -12.0, "points": 0, "pointsFastBreak": 0, "pointsInThePaint": 0, "pointsSecondChance": 0, "reboundsDefensive": 1, "reboundsOffensive": 1, "reboundsTotal": 2, "steals": 3, "threePointersAttempted": 5, "threePointersMade": 0, "threePointersPercentage": 0.0, "turnovers": 0, "twoPointersAttempted": 1, "twoPointersMade": 0, "twoPointersPercentage": 0.0}, "name": "Gary Harris", "nameI": "G. Harris", "firstName": "Gary", "familyName": "Harris"}, {"status": "ACTIVE", "order": 5, "personId": 1630591, "jerseyNum": "4", "position": "PG", "starter": "1", "oncourt": "1", "played": "1", "statistics": {"assists": 4, "blocks": 1, "blocksReceived": 1, "fieldGoalsAttempted": 16, "fieldGoalsMade": 4, "fieldGoalsPercentage": 0.25, "foulsOffensive": 0, "foulsDrawn": 4, "foulsPersonal": 5, "foulsTechnical": 0, "freeThrowsAttempted": 6, "freeThrowsMade": 4, "freeThrowsPercentage": 0.666666666666666, "minus": 74.0, "minutes": "PT32M42.00S", "minutesCalculated": "PT33M", "plus": 61.0, "plusMinusPoints": -13.0, "points": 13, "pointsFastBreak": 6, "pointsInThePaint": 6, "pointsSecondChance": 5, "reboundsDefensive": 1, "reboundsOffensive": 3, "reboundsTotal": 4, "steals": 2, "threePointersAttempted": 7, "threePointersMade": 1, "threePointersPercentage": 0.14285714285714302, "turnovers": 1, "twoPointersAttempted": 9, "twoPointersMade": 3, "twoPointersPercentage": 0.333333333333333}, "name": "Jalen Suggs", "nameI": "J. Suggs", "firstName": "Jalen", "familyName": "Suggs"}, {"status": "ACTIVE", "order": 6, "personId": 204060, "jerseyNum": "7", "starter": "0", "oncourt": "0", "played": "1", "statistics": {"assists": 2, "blocks": 0, "blocksReceived": 0, "fieldGoalsAttempted": 2, "fieldGoalsMade": 0, "fieldGoalsPercentage": 0.0, "foulsOffensive": 0, "foulsDrawn": 1, "foulsPersonal": 2, "foulsTechnical": 0, "freeThrowsAttempted": 2, "freeThrowsMade": 1, "freeThrowsPercentage": 0.5, "minus": 25.0, "minutes": "PT14M39.00S", "minutesCalculated": "PT15M", "plus": 27.0, "plusMinusPoints": 2.0, "points": 1, "pointsFastBreak": 0, "pointsInThePaint": 0, "pointsSecondChance": 0, "reboundsDefensive": 3, "reboundsOffensive": 1, "reboundsTotal": 4, "steals": 1, "threePointersAttempted": 1, "threePointersMade": 0, "threePointersPercentage": 0.0, "turnovers": 0, "twoPointersAttempted": 1, "twoPointersMade": 0, "twoPointersPercentage": 0.0}, "name": "Joe Ingles", "nameI": "J. Ingles", "firstName": "Joe", "familyName": "Ingles"}, {"status": "ACTIVE", "order": 7, "personId": 1628976, "jerseyNum": "34", "starter": "0", "oncourt": "0", "played": "1", "statistics": {"assists": 0, "blocks": 0, "blocksReceived": 0, "fieldGoalsAttempted": 3, "fieldGoalsMade": 1, "fieldGoalsPercentage": 0.333333333333333, "foulsOffensive": 1, "foulsDrawn": 1, "foulsPersonal": 2, "foulsTechnical": 0, "freeThrowsAttempted": 0, "freeThrowsMade": 0, "freeThrowsPercentage": 0.0, "minus": 29.0, "minutes": "PT15M01.00S", "minutesCalculated": "PT15M", "plus": 21.0, "plusMinusPoints": -8.0, "points": 3, "pointsFastBreak": 0, "pointsInThePaint": 0, "pointsSecondChance": 0, "reboundsDefensive": 2, "reboundsOffensive": 0, "reboundsTotal": 2, "steals": 0, "threePointersAttempted": 2, "threePointersMade": 1, "threePointersPercentage": 0.5, "turnovers": 2, "twoPointersAttempted": 1, "twoPointersMade": 0, "twoPointersPercentage": 0.0}, "name": "Wendell Carter Jr.", "nameI": "W. Carter Jr.", "firstName": "Wendell", "familyName": "Carter Jr."}, {"status": "ACTIVE", "order": 8, "personId": 1630175, "jerseyNum": "50", "starter": "0", "oncourt": "0", "played": "1", "statistics": {"assists": 0, "blocks": 0, "blocksReceived": 0, "fieldGoalsAttempted": 7, "fieldGoalsMade": 0, "fieldGoalsPercentage": 0.0, "foulsOffensive": 0, "foulsDrawn": 2, "foulsPersonal": 1, "foulsTechnical": 0, "freeThrowsAttempted": 4, "freeThrowsMade": 4, "freeThrowsPercentage": 1.0, "minus": 19.0, "minutes": "PT11M02.00S", "minutesCalculated": "PT11M", "plus": 14.0, "plusMinusPoints": -5.0, "points": 4, "pointsFastBreak": 2, "pointsInThePaint": 0, "pointsSecondChance": 0, "reboundsDefensive": 1, "reboundsOffensive": 0, "reboundsTotal": 1, "steals": 1, "threePointersAttempted": 4, "threePointersMade": 0, "threePointersPercentage": 0.0, "turnovers": 0, "twoPointersAttempted": 3, "twoPointersMade": 0, "twoPointersPercentage": 0.0}, "name": "Cole Anthony", "nameI": "C. Anthony", "firstName": "Cole", "familyName": "Anthony"}, {"status": "ACTIVE", "order": 9, "personId": 1628365, "jerseyNum": "20", "starter": "0", "oncourt": "0", "played": "1", "statistics": {"assists": 1, "blocks": 0, "blocksReceived": 1, "fieldGoalsAttempted": 4, "fieldGoalsMade": 0, "fieldGoalsPercentage": 0.0, "foulsOffensive": 0, "foulsDrawn": 0, "foulsPersonal": 2, "foulsTechnical": 0, "freeThrowsAttempted": 0, "freeThrowsMade": 0, "freeThrowsPercentage": 0.0, "minus": 21.0, "minutes": "PT12M49.02S", "minutesCalculated": "PT13M", "plus": 17.0, "plusMinusPoints": -4.0, "points": 0, "pointsFastBreak": 0, "pointsInThePaint": 0, "pointsSecondChance": 0, "reboundsDefensive": 3, "reboundsOffensive": 0, "reboundsTotal": 3, "steals": 0, "threePointersAttempted": 0, "threePointersMade": 0, "threePointersPercentage": 0.0, "turnovers": 0, "twoPointersAttempted": 4, "twoPointersMade": 0, "twoPointersPercentage": 0.0}, "name": "Markelle Fultz", "nameI": "M. Fultz", "firstName": "Markelle", "familyName": "Fultz"}, {"status": "ACTIVE", "order": 10, "personId": 1629021, "jerseyNum": "21", "starter": "0", "oncourt": "0", "played": "1", "statistics": {"assists": 0, "blocks": 0, "blocksReceived": 1, "fieldGoalsAttempted": 8, "fieldGoalsMade": 4, "fieldGoalsPercentage": 0.5, "foulsOffensive": 0, "foulsDrawn": 4, "foulsPersonal": 3, "foulsTechnical": 0, "freeThrowsAttempted": 4, "freeThrowsMade": 2, "freeThrowsPercentage": 0.5, "minus": 22.0, "minutes": "PT13M12.00S", "minutesCalculated": "PT13M", "plus": 23.0, "plusMinusPoints": 1.0, "points": 10, "pointsFastBreak": 2, "pointsInThePaint": 8, "pointsSecondChance": 4, "reboundsDefensive": 3, "reboundsOffensive": 2, "reboundsTotal": 5, "steals": 1, "threePointersAttempted": 1, "threePointersMade": 0, "threePointersPercentage": 0.0, "turnovers": 0, "twoPointersAttempted": 7, "twoPointersMade": 4, "twoPointersPercentage": 0.5714285714285711}, "name": "Moritz Wagner", "nameI": "M. Wagner", "firstName": "Moritz", "familyName": "Wagner"}, {"status": "ACTIVE", "order": 11, "personId": 1629048, "jerseyNum": "35", "starter": "0", "oncourt": "0", "played": "0", "statistics": {"assists": 0, "blocks": 0, "blocksReceived": 0, "fieldGoalsAttempted": 0, "fieldGoalsMade": 0, "fieldGoalsPercentage": 0.0, "foulsOffensive": 0, "foulsDrawn": 0, "foulsPersonal": 0, "foulsTechnical": 0, "freeThrowsAttempted": 0, "freeThrowsMade": 0, "freeThrowsPercentage": 0.0, "minus": 0.0, "minutes": "PT00M00.00S", "minutesCalculated": "PT00M", "plus": 0.0, "plusMinusPoints": 0.0, "points": 0, "pointsFastBreak": 0, "pointsInThePaint": 0, "pointsSecondChance": 0, "reboundsDefensive": 0, "reboundsOffensive": 0, "reboundsTotal": 0, "steals": 0, "threePointersAttempted": 0, "threePointersMade": 0, "threePointersPercentage": 0.0, "turnovers": 0, "twoPointersAttempted": 0, "twoPointersMade": 0, "twoPointersPercentage": 0.0}, "name": "Goga Bitadze", "nameI": "G. Bitadze", "firstName": "Goga", "familyName": "Bitadze"}, {"status": "ACTIVE", "order": 12, "personId": 1641710, "jerseyNum": "0", "starter": "0", "oncourt": "0", "played": "0", "statistics": {"assists": 0, "blocks": 0, "blocksReceived": 0, "fieldGoalsAttempted": 0, "fieldGoalsMade": 0, "fieldGoalsPercentage": 0.0, "foulsOffensive": 0, "foulsDrawn": 0, "foulsPersonal": 0, "foulsTechnical": 0, "freeThrowsAttempted": 0, "freeThrowsMade": 0, "freeThrowsPercentage": 0.0, "minus": 0.0, "minutes": "PT00M00.00S", "minutesCalculated": "PT00M", "plus": 0.0, "plusMinusPoints": 0.0, "points": 0, "pointsFastBreak": 0, "pointsInThePaint": 0, "pointsSecondChance": 0, "reboundsDefensive": 0, "reboundsOffensive": 0, "reboundsTotal": 0, "steals": 0, "threePointersAttempted": 0, "threePointersMade": 0, "threePointersPercentage": 0.0, "turnovers": 0, "twoPointersAttempted": 0, "twoPointersMade": 0, "twoPointersPercentage": 0.0}, "name": "Anthony Black", "nameI": "A. Black", "firstName": "Anthony", "familyName": "Black"}, {"status": "ACTIVE", "order": 13, "personId": 1631216, "jerseyNum": "2", "starter": "0", "oncourt": "0", "played": "0", "statistics": {"assists": 0, "blocks": 0, "blocksReceived": 0, "fieldGoalsAttempted": 0, "fieldGoalsMade": 0, "fieldGoalsPercentage": 0.0, "foulsOffensive": 0, "foulsDrawn": 0, "foulsPersonal": 0, "foulsTechnical": 0, "freeThrowsAttempted": 0, "freeThrowsMade": 0, "freeThrowsPercentage": 0.0, "minus": 0.0, "minutes": "PT00M00.00S", "minutesCalculated": "PT00M", "plus": 0.0, "plusMinusPoints": 0.0, "points": 0, "pointsFastBreak": 0, "pointsInThePaint": 0, "pointsSecondChance": 0, "reboundsDefensive": 0, "reboundsOffensive": 0, "reboundsTotal": 0, "steals": 0, "threePointersAttempted": 0, "threePointersMade": 0, "threePointersPercentage": 0.0, "turnovers": 0, "twoPointersAttempted": 0, "twoPointersMade": 0, "twoPointersPercentage": 0.0}, "name": "Caleb Houstan", "nameI": "C. Houstan", "firstName": "Caleb", "familyName": "Houstan"}, {"status": "ACTIVE", "order": 14, "personId": 1641724, "jerseyNum": "13", "starter": "0", "oncourt": "0", "played": "0", "statistics": {"assists": 0, "blocks": 0, "blocksReceived": 0, "fieldGoalsAttempted": 0, "fieldGoalsMade": 0, "fieldGoalsPercentage": 0.0, "foulsOffensive": 0, "foulsDrawn": 0, "foulsPersonal": 0, "foulsTechnical": 0, "freeThrowsAttempted": 0, "freeThrowsMade": 0, "freeThrowsPercentage": 0.0, "minus": 0.0, "minutes": "PT00M00.00S", "minutesCalculated": "PT00M", "plus": 0.0, "plusMinusPoints": 0.0, "points": 0, "pointsFastBreak": 0, "pointsInThePaint": 0, "pointsSecondChance": 0, "reboundsDefensive": 0, "reboundsOffensive": 0, "reboundsTotal": 0, "steals": 0, "threePointersAttempted": 0, "threePointersMade": 0, "threePointersPercentage": 0.0, "turnovers": 0, "twoPointersAttempted": 0, "twoPointersMade": 0, "twoPointersPercentage": 0.0}, "name": "Jett Howard", "nameI": "J. Howard", "firstName": "Jett", "familyName": "Howard"}, {"status": "ACTIVE", "order": 15, "personId": 1629643, "jerseyNum": "3", "starter": "0", "oncourt": "0", "played": "0", "statistics": {"assists": 0, "blocks": 0, "blocksReceived": 0, "fieldGoalsAttempted": 0, "fieldGoalsMade": 0, "fieldGoalsPercentage": 0.0, "foulsOffensive": 0, "foulsDrawn": 0, "foulsPersonal": 0, "foulsTechnical": 0, "freeThrowsAttempted": 0, "freeThrowsMade": 0, "freeThrowsPercentage": 0.0, "minus": 0.0, "minutes": "PT00M00.00S", "minutesCalculated": "PT00M", "plus": 0.0, "plusMinusPoints": 0.0, "points": 0, "pointsFastBreak": 0, "pointsInThePaint": 0, "pointsSecondChance": 0, "reboundsDefensive": 0, "reboundsOffensive": 0, "reboundsTotal": 0, "steals": 0, "threePointersAttempted": 0, "threePointersMade": 0, "threePointersPercentage": 0.0, "turnovers": 0, "twoPointersAttempted": 0, "twoPointersMade": 0, "twoPointersPercentage": 0.0}, "name": "Chuma Okeke", "nameI": "C. Okeke", "firstName": "Chuma", "familyName": "Okeke"}, {"status": "INACTIVE", "notPlayingReason": "INACTIVE_COACH", "order": 16, "personId": 1630284, "jerseyNum": "8", "starter": "0", "oncourt": "0", "played": "0", "statistics": {"assists": 0, "blocks": 0, "blocksReceived": 0, "fieldGoalsAttempted": 0, "fieldGoalsMade": 0, "fieldGoalsPercentage": 0.0, "foulsOffensive": 0, "foulsDrawn": 0, "foulsPersonal": 0, "foulsTechnical": 0, "freeThrowsAttempted": 0, "freeThrowsMade": 0, "freeThrowsPercentage": 0.0, "minus": 0.0, "minutes": "PT00M00.00S", "minutesCalculated": "PT00M", "plus": 0.0, "plusMinusPoints": 0.0, "points": 0, "pointsFastBreak": 0, "pointsInThePaint": 0, "pointsSecondChance": 0, "reboundsDefensive": 0, "reboundsOffensive": 0, "reboundsTotal": 0, "steals": 0, "threePointersAttempted": 0, "threePointersMade": 0, "threePointersPercentage": 0.0, "turnovers": 0, "twoPointersAttempted": 0, "twoPointersMade": 0, "twoPointersPercentage": 0.0}, "name": "Kevon Harris", "nameI": "K. Harris", "firstName": "Kevon", "familyName": "Harris"}, {"status": "INACTIVE", "notPlayingReason": "INACTIVE_COACH", "order": 17, "personId": 1630243, "jerseyNum": "12", "starter": "0", "oncourt": "0", "played": "0", "statistics": {"assists": 0, "blocks": 0, "blocksReceived": 0, "fieldGoalsAttempted": 0, "fieldGoalsMade": 0, "fieldGoalsPercentage": 0.0, "foulsOffensive": 0, "foulsDrawn": 0, "foulsPersonal": 0, "foulsTechnical": 0, "freeThrowsAttempted": 0, "freeThrowsMade": 0, "freeThrowsPercentage": 0.0, "minus": 0.0, "minutes": "PT00M00.00S", "minutesCalculated": "PT00M", "plus": 0.0, "plusMinusPoints": 0.0, "points": 0, "pointsFastBreak": 0, "pointsInThePaint": 0, "pointsSecondChance": 0, "reboundsDefensive": 0, "reboundsOffensive": 0, "reboundsTotal": 0, "steals": 0, "threePointersAttempted": 0, "threePointersMade": 0, "threePointersPercentage": 0.0, "turnovers": 0, "twoPointersAttempted": 0, "twoPointersMade": 0, "twoPointersPercentage": 0.0}, "name": "Trevelin Queen", "nameI": "T. Queen", "firstName": "Trevelin", "familyName": "Queen"}, {"status": "INACTIVE", "notPlayingReason": "INACTIVE_COACH", "order": 18, "personId": 1629678, "jerseyNum": "25", "starter": "0", "oncourt": "0", "played": "0", "statistics": {"assists": 0, "blocks": 0, "blocksReceived": 0, "fieldGoalsAttempted": 0, "fieldGoalsMade": 0, "fieldGoalsPercentage": 0.0, "foulsOffensive": 0, "foulsDrawn": 0, "foulsPersonal": 0, "foulsTechnical": 0, "freeThrowsAttempted": 0, "freeThrowsMade": 0, "freeThrowsPercentage": 0.0, "minus": 0.0, "minutes": "PT00M00.00S", "minutesCalculated": "PT00M", "plus": 0.0, "plusMinusPoints": 0.0, "points": 0, "pointsFastBreak": 0, "pointsInThePaint": 0, "pointsSecondChance": 0, "reboundsDefensive": 0, "reboundsOffensive": 0, "reboundsTotal": 0, "steals": 0, "threePointersAttempted": 0, "threePointersMade": 0, "threePointersPercentage": 0.0, "turnovers": 0, "twoPointersAttempted": 0, "twoPointersMade": 0, "twoPointersPercentage": 0.0}, "name": "Admiral Schofield", "nameI": "A. Schofield", "firstName": "Admiral", "familyName": "Schofield"}], "statistics": {"assists": 16, "assistsTurnoverRatio": 1.33333333333333, "benchPoints": 18, "biggestLead": 0, "biggestScoringRun": 12, "biggestScoringRunScore": "58-78", "blocks": 7, "blocksReceived": 4, "fastBreakPointsAttempted": 8, "fastBreakPointsMade": 5, "fastBreakPointsPercentage": 0.625, "fieldGoalsAttempted": 86, "fieldGoalsEffectiveAdjusted": 0.372093023255814, "fieldGoalsMade": 28, "fieldGoalsPercentage": 0.325581395348837, "foulsOffensive": 2, "foulsDrawn": 21, "foulsPersonal": 25, "foulsTeam": 23, "foulsTechnical": 0, "foulsTeamTechnical": 0, "freeThrowsAttempted": 30, "freeThrowsMade": 19, "freeThrowsPercentage": 0.633333333333333, "leadChanges": 0, "minutes": "PT240M00.00S", "minutesCalculated": "PT240M", "points": 83, "pointsAgainst": 97, "pointsFastBreak": 18, "pointsFromTurnovers": 19, "pointsInThePaint": 36, "pointsInThePaintAttempted": 40, "pointsInThePaintMade": 18, "pointsInThePaintPercentage": 0.45, "pointsSecondChance": 13, "reboundsDefensive": 29, "reboundsOffensive": 11, "reboundsPersonal": 40, "reboundsTeam": 13, "reboundsTeamDefensive": 4, "reboundsTeamOffensive": 9, "reboundsTotal": 53, "secondChancePointsAttempted": 12, "secondChancePointsMade": 5, "secondChancePointsPercentage": 0.416666666666667, "steals": 12, "threePointersAttempted": 37, "threePointersMade": 8, "threePointersPercentage": 0.216216216216216, "timeLeading": "PT00M00.00S", "timesTied": 0, "trueShootingAttempts": 99.2, "trueShootingPercentage": 0.418346774193548, "turnovers": 12, "turnoversTeam": 0, "turnoversTotal": 12, "twoPointersAttempted": 49, "twoPointersMade": 20, "twoPointersPercentage": 0.408163265306122}}}}