{"resource": "commonplayerinfo", "parameters": [{"PlayerID": 1628401}, {"LeagueID": null}], "resultSets": [{"name": "CommonPlayerInfo", "headers": ["PERSON_ID", "FIRST_NAME", "LAST_NAME", "DISPLAY_FIRST_LAST", "DISPLAY_LAST_COMMA_FIRST", "DISPLAY_FI_LAST", "PLAYER_SLUG", "BIRTHDATE", "SCHOOL", "COUNTRY", "LAST_AFFILIATION", "HEIGHT", "WEIGHT", "SEASON_EXP", "JERSEY", "POSITION", "ROSTERSTATUS", "GAMES_PLAYED_CURRENT_SEASON_FLAG", "TEAM_ID", "TEAM_NAME", "TEAM_ABBREVIATION", "TEAM_CODE", "TEAM_CITY", "PLAYERCODE", "FROM_YEAR", "TO_YEAR", "DLEAGUE_FLAG", "NBA_FLAG", "GAMES_PLAYED_FLAG", "DRAFT_YEAR", "DRAFT_ROUND", "DRAFT_NUMBER", "GREATEST_75_FLAG"], "rowSet": [[1628401, "Derrick", "White", "Derrick White", "White, Derrick", "D. White", "derrick-white", "1994-07-02T00:00:00", "Colorado", "USA", "Colorado/USA", "6-4", "190", 6, "9", "Guard", "Active", "Y", 1610612738, "Celtics", "BOS", "celtics", "Boston", "derrick_white", 2017, 2023, "Y", "Y", "Y", "2017", "1", "29", "N"]]}, {"name": "PlayerHeadlineStats", "headers": ["PLAYER_ID", "PLAYER_NAME", "TimeFrame", "PTS", "AST", "REB", "PIE"], "rowSet": [[1628401, "Derrick White", "2023-24", 15.2, 5.2, 4.2, 0.106]]}, {"name": "AvailableSeasons", "headers": ["SEASON_ID"], "rowSet": [["12017"], ["22017"], ["42017"], ["12018"], ["22018"], ["42018"], ["12019"], ["22019"], ["22020"], ["12021"], ["22021"], ["42021"], ["12022"], ["22022"], ["42022"], ["12023"], ["22023"], ["42023"]]}]}