{"resource": "scoreboardV2", "parameters": {"GameDate": "2024-04-28", "LeagueID": "00", "DayOffset": "0"}, "resultSets": [{"name": "GameHeader", "headers": ["GAME_DATE_EST", "GAME_SEQUENCE", "GAME_ID", "GAME_STATUS_ID", "GAME_STATUS_TEXT", "GAMECODE", "HOME_TEAM_ID", "VISITOR_TEAM_ID", "SEASON", "LIVE_PERIOD", "LIVE_PC_TIME", "NATL_TV_BROADCASTER_ABBREVIATION", "HOME_TV_BROADCASTER_ABBREVIATION", "AWAY_TV_BROADCASTER_ABBREVIATION", "LIVE_PERIOD_TIME_BCAST", "ARENA_NAME", "WH_STATUS", "WNBA_COMMISSIONER_FLAG"], "rowSet": [["2024-04-28T00:00:00", 1, "0042300114", 1, "1:00 pm ET", "20240428/NYKPHI", 1610612755, 1610612752, "2023", 0, "     ", "ABC", null, null, "Q0       - ABC", "Wells Fargo Center", 0, 0], ["2024-04-28T00:00:00", 2, "0042300174", 1, "3:30 pm ET", "20240428/LACDAL", 1610612742, 1610612746, "2023", 0, "     ", "ABC", null, null, "Q0       - ABC", "American Airlines Center", 0, 0], ["2024-04-28T00:00:00", 3, "0042300124", 1, "7:00 pm ET", "20240428/MILIND", 1610612754, 1610612749, "2023", 0, "     ", "TNT", "BSIN", "BSWI", "Q0       - TNT", "Gainbridge Fieldhouse", 0, 0], ["2024-04-28T00:00:00", 4, "0042300164", 1, "9:30 pm ET", "20240428/MINPHX", 1610612756, 1610612750, "2023", 0, "     ", "TNT", "KTVK/KPHE", "BSN", "Q0       - TNT", "Footprint Center", 0, 0]]}, {"name": "LineScore", "headers": ["GAME_DATE_EST", "GAME_SEQUENCE", "GAME_ID", "TEAM_ID", "TEAM_ABBREVIATION", "TEAM_CITY_NAME", "TEAM_NAME", "TEAM_WINS_LOSSES", "PTS_QTR1", "PTS_QTR2", "PTS_QTR3", "PTS_QTR4", "PTS_OT1", "PTS_OT2", "PTS_OT3", "PTS_OT4", "PTS_OT5", "PTS_OT6", "PTS_OT7", "PTS_OT8", "PTS_OT9", "PTS_OT10", "PTS", "FG_PCT", "FT_PCT", "FG3_PCT", "AST", "REB", "TOV"], "rowSet": [["2024-04-28T00:00:00", 1, "0042300114", 1610612752, "NYK", "New York", "Knicks", "2-1", null, null, null, null, null, null, null, null, null, null, null, null, null, null, null, null, null, null, null, null, null], ["2024-04-28T00:00:00", 1, "0042300114", 1610612755, "PHI", "Philadelphia", "76ers", "1-2", null, null, null, null, null, null, null, null, null, null, null, null, null, null, null, null, null, null, null, null, null], ["2024-04-28T00:00:00", 2, "0042300174", 1610612742, "DAL", "Dallas", "Mavericks", "2-1", null, null, null, null, null, null, null, null, null, null, null, null, null, null, null, null, null, null, null, null, null], ["2024-04-28T00:00:00", 2, "0042300174", 1610612746, "LAC", "LA", "Clippers", "1-2", null, null, null, null, null, null, null, null, null, null, null, null, null, null, null, null, null, null, null, null, null], ["2024-04-28T00:00:00", 3, "0042300124", 1610612754, "IND", "Indiana", "Pacers", "2-1", null, null, null, null, null, null, null, null, null, null, null, null, null, null, null, null, null, null, null, null, null], ["2024-04-28T00:00:00", 3, "0042300124", 1610612749, "MIL", "Milwaukee", "Bucks", "1-2", null, null, null, null, null, null, null, null, null, null, null, null, null, null, null, null, null, null, null, null, null], ["2024-04-28T00:00:00", 4, "0042300164", 1610612750, "MIN", "Minnesota", "Timberwolves", "3-0", null, null, null, null, null, null, null, null, null, null, null, null, null, null, null, null, null, null, null, null, null], ["2024-04-28T00:00:00", 4, "0042300164", 1610612756, "PHX", "Phoenix", "Suns", "0-3", null, null, null, null, null, null, null, null, null, null, null, null, null, null, null, null, null, null, null, null, null]]}, {"name": "SeriesStandings", "headers": ["GAME_ID", "HOME_TEAM_ID", "VISITOR_TEAM_ID", "GAME_DATE_EST", "HOME_TEAM_WINS", "HOME_TEAM_LOSSES", "SERIES_LEADER"], "rowSet": [["0042300124", 1610612754, 1610612749, "2024-04-28T00:00:00", 2, 1, "Indiana"], ["0042300164", 1610612756, 1610612750, "2024-04-28T00:00:00", 0, 3, "Minnesota"], ["0042300114", 1610612755, 1610612752, "2024-04-28T00:00:00", 1, 2, "New York"], ["0042300174", 1610612742, 1610612746, "2024-04-28T00:00:00", 2, 1, "Dallas"]]}, {"name": "LastMeeting", "headers": ["GAME_ID", "LAST_GAME_ID", "LAST_GAME_DATE_EST", "LAST_GAME_HOME_TEAM_ID", "LAST_GAME_HOME_TEAM_CITY", "LAST_GAME_HOME_TEAM_NAME", "LAST_GAME_HOME_TEAM_ABBREVIATION", "LAST_GAME_HOME_TEAM_POINTS", "LAST_GAME_VISITOR_TEAM_ID", "LAST_GAME_VISITOR_TEAM_CITY", "LAST_GAME_VISITOR_TEAM_NAME", "LAST_GAME_VISITOR_TEAM_CITY1", "LAST_GAME_VISITOR_TEAM_POINTS"], "rowSet": [["0042300114", "0042300113", "2024-04-25T00:00:00", 1610612755, "Philadelphia", "76ers", "PHI", 125, 1610612752, "New York", "Knicks", "NYK", 114], ["0042300124", "0042300123", "2024-04-26T00:00:00", 1610612754, "Indiana", "Pacers", "IND", 121, 1610612749, "Milwaukee", "Bucks", "MIL", 118], ["0042300164", "0042300163", "2024-04-26T00:00:00", 1610612756, "Phoenix", "Suns", "PHX", 109, 1610612750, "Minnesota", "Timberwolves", "MIN", 126], ["0042300174", "0042300173", "2024-04-26T00:00:00", 1610612742, "Dallas", "Mavericks", "DAL", 101, 1610612746, "LA", "Clippers", "LAC", 90]]}, {"name": "EastConfStandingsByDay", "headers": ["TEAM_ID", "LEAGUE_ID", "SEASON_ID", "STANDINGSDATE", "CONFERENCE", "TEAM", "G", "W", "L", "W_PCT", "HOME_RECORD", "ROAD_RECORD"], "rowSet": [[1610612738, "00", "22023", "04/28/2024", "East", "Boston", 82, 64, 18, 0.78, "37-4", "27-14"], [1610612752, "00", "22023", "04/28/2024", "East", "New York", 82, 50, 32, 0.61, "27-14", "23-18"], [1610612749, "00", "22023", "04/28/2024", "East", "Milwaukee", 82, 49, 33, 0.598, "31-11", "18-22"], [1610612739, "00", "22023", "04/28/2024", "East", "Cleveland", 82, 48, 34, 0.585, "26-15", "22-19"], [1610612754, "00", "22023", "04/28/2024", "East", "Indiana", 82, 47, 35, 0.573, "26-15", "21-20"], [1610612753, "00", "22023", "04/28/2024", "East", "Orlando", 82, 47, 35, 0.573, "29-12", "18-23"], [1610612755, "00", "22023", "04/28/2024", "East", "Philadelphia", 82, 47, 35, 0.573, "25-16", "22-19"], [1610612748, "00", "22023", "04/28/2024", "East", "Miami", 82, 46, 36, 0.561, "22-19", "24-17"], [1610612741, "00", "22023", "04/28/2024", "East", "Chicago", 82, 39, 43, 0.476, "20-21", "19-22"], [1610612737, "00", "22023", "04/28/2024", "East", "Atlanta", 82, 36, 46, 0.439, "21-20", "15-26"], [1610612751, "00", "22023", "04/28/2024", "East", "Brooklyn", 82, 32, 50, 0.39, "20-21", "12-29"], [1610612761, "00", "22023", "04/28/2024", "East", "Toronto", 82, 25, 57, 0.305, "14-27", "11-30"], [1610612766, "00", "22023", "04/28/2024", "East", "Charlotte", 82, 21, 61, 0.256, "11-30", "10-31"], [1610612764, "00", "22023", "04/28/2024", "East", "Washington", 82, 15, 67, 0.183, "7-34", "8-33"], [1610612765, "00", "22023", "04/28/2024", "East", "Detroit", 82, 14, 68, 0.171, "7-33", "7-35"]]}, {"name": "WestConfStandingsByDay", "headers": ["TEAM_ID", "LEAGUE_ID", "SEASON_ID", "STANDINGSDATE", "CONFERENCE", "TEAM", "G", "W", "L", "W_PCT", "HOME_RECORD", "ROAD_RECORD"], "rowSet": [[1610612743, "00", "22023", "04/28/2024", "West", "Denver", 82, 57, 25, 0.695, "33-8", "24-17"], [1610612760, "00", "22023", "04/28/2024", "West", "Oklahoma City", 82, 57, 25, 0.695, "33-8", "24-17"], [1610612750, "00", "22023", "04/28/2024", "West", "Minnesota", 82, 56, 26, 0.683, "30-11", "26-15"], [1610612746, "00", "22023", "04/28/2024", "West", "LA Clippers", 82, 51, 31, 0.622, "25-16", "26-15"], [1610612742, "00", "22023", "04/28/2024", "West", "Dallas", 82, 50, 32, 0.61, "25-16", "25-16"], [1610612740, "00", "22023", "04/28/2024", "West", "New Orleans", 82, 49, 33, 0.598, "21-19", "28-14"], [1610612756, "00", "22023", "04/28/2024", "West", "Phoenix", 82, 49, 33, 0.598, "25-16", "24-17"], [1610612747, "00", "22023", "04/28/2024", "West", "L.A. Lakers", 82, 47, 35, 0.573, "28-14", "19-21"], [1610612744, "00", "22023", "04/28/2024", "West", "Golden State", 82, 46, 36, 0.561, "21-20", "25-16"], [1610612758, "00", "22023", "04/28/2024", "West", "Sacramento", 82, 46, 36, 0.561, "24-17", "22-19"], [1610612745, "00", "22023", "04/28/2024", "West", "Houston", 82, 41, 41, 0.5, "27-14", "14-27"], [1610612762, "00", "22023", "04/28/2024", "West", "Utah", 82, 31, 51, 0.378, "21-20", "10-31"], [1610612763, "00", "22023", "04/28/2024", "West", "Memphis", 82, 27, 55, 0.329, "9-32", "18-23"], [1610612759, "00", "22023", "04/28/2024", "West", "San Antonio", 82, 22, 60, 0.268, "12-29", "10-31"], [1610612757, "00", "22023", "04/28/2024", "West", "Portland", 82, 21, 61, 0.256, "11-30", "10-31"]]}, {"name": "Available", "headers": ["GAME_ID", "PT_AVAILABLE"], "rowSet": [["0042300164", 0], ["0042300124", 0], ["0042300114", 0], ["0042300174", 0]]}, {"name": "TeamLeaders", "headers": ["GAME_ID", "TEAM_ID", "TEAM_CITY", "TEAM_NICKNAME", "TEAM_ABBREVIATION", "PTS_PLAYER_ID", "PTS_PLAYER_NAME", "PTS", "REB_PLAYER_ID", "REB_PLAYER_NAME", "REB", "AST_PLAYER_ID", "AST_PLAYER_NAME", "AST"], "rowSet": []}, {"name": "TicketLinks", "headers": ["GAME_ID", "LEAG_TIX"], "rowSet": []}, {"name": "WinProbability", "headers": [], "rowSet": []}]}