{"resource": "teamdetails", "parameters": {"TeamID": 1610612753}, "resultSets": [{"name": "TeamBackground", "headers": ["TEAM_ID", "ABBREVIATION", "NICKNAME", "YEARFOUNDED", "CITY", "ARENA", "ARENACAPACITY", "OWNER", "GENERALMANAGER", "HEADCOACH", "DLEAGUEAFFILIATION"], "rowSet": [[1610612753, "ORL", "Magic", 1989, "Orlando", "Kia Center", "0", "Dan DeVos", "John Hammond", "Jamahl Mosley", "Lakeland Magic"]]}, {"name": "TeamHistory", "headers": ["TEAM_ID", "CITY", "NICKNAME", "YEARFOUNDED", "YEARACTIVETILL"], "rowSet": [[1610612753, "Orlando", "Magic", 1989, 2023]]}, {"name": "TeamSocialSites", "headers": ["ACCOUNTTYPE", "WEBSITE_LINK"], "rowSet": [["Facebook", "https://www.facebook.com/OrlandoMagic"], ["Instagram", "https://instagram.com/orlandomagic"], ["Twitter", "https://twitter.com/OrlandoMagic"]]}, {"name": "TeamAwardsChampionships", "headers": ["YEARAWARDED", "OPPOSITETEAM"], "rowSet": []}, {"name": "TeamAwardsConf", "headers": ["YEARAWARDED", "OPPOSITETEAM"], "rowSet": [[1995, null], [2009, null]]}, {"name": "TeamAwardsDiv", "headers": ["YEARAWARDED", "OPPOSITETEAM"], "rowSet": [[1995, null], [1996, null], [2008, null], [2009, null], [2010, null], [2019, null]]}, {"name": "TeamHof", "headers": ["PLAYERID", "PLAYER", "POSITION", "JERSEY", "SEASONSWITHTEAM", "YEAR"], "rowSet": [[1112, "Ben Wallace", "C-F", null, "2000", 2021], [255, "Grant Hill", "F", null, "2000-2007", 2018], [1503, "Tracy McGrady", "G-F", null, "2000-2004", 2017], [406, "Shaquille O'Neal", "C", null, "1993-1996", 2016], [121, "Patrick Ewing", "C", null, "2002", 2008], [1122, "Dominique Wilkins", "F", null, "1999", 2006]]}, {"name": "TeamRetired", "headers": ["PLAYERID", "PLAYER", "POSITION", "JERSEY", "SEASONSWITHTEAM", "YEAR"], "rowSet": [[null, "Sixth Man", null, "6", null, 2000]]}]}