{"resource": "leaguestandings", "parameters": {"LeagueID": "00", "SeasonYear": "2023-24", "SeasonType": "Regular Season"}, "resultSets": [{"name": "Standings", "headers": ["LeagueID", "SeasonID", "TeamID", "TeamCity", "TeamName", "Conference", "ConferenceRecord", "PlayoffRank", "ClinchIndicator", "Division", "DivisionRecord", "DivisionRank", "WINS", "LOSSES", "WinPCT", "LeagueRank", "Record", "HOME", "ROAD", "L10", "Last10Home", "Last10Road", "OT", "ThreePTSOrLess", "TenPTSOrMore", "LongHomeStreak", "strLongHomeStreak", "LongRoadStreak", "strLongRoadStreak", "LongWinStreak", "LongLossStreak", "CurrentHomeStreak", "strCurrentHomeStreak", "CurrentRoadStreak", "strCurrentRoadStreak", "CurrentStreak", "strCurrentStreak", "ConferenceGamesBack", "DivisionGamesBack", "ClinchedConferenceTitle", "ClinchedDivisionTitle", "ClinchedPlayoffBirth", "EliminatedConference", "EliminatedDivision", "AheadAtHalf", "BehindAtHalf", "TiedAtHalf", "AheadAtThird", "BehindAtThird", "TiedAtThird", "Score100PTS", "OppScore100PTS", "OppOver500", "LeadInFGPCT", "LeadInReb", "FewerTurnovers", "PointsPG", "OppPointsPG", "DiffPointsPG", "vsEast", "vsAtlantic", "vsCentral", "vsSoutheast", "vsWest", "vsNorthwest", "vsPacific", "vsSouthwest", "Jan", "Feb", "Mar", "Apr", "May", "Jun", "Jul", "Aug", "Sep", "Oct", "Nov", "Dec", "PreAS", "PostAS"], "rowSet": [["00", "22023", 1610612738, "Boston", "Celtics", "East", "39-9 ", 1, " - e", "Atlantic", "15-1 ", 1, 62, 16, 0.795, 3, "62-16", "35-3 ", "27-13", "8-2  ", "10-0 ", "8-2  ", "2-4  ", "6-7  ", "40-4 ", 20, "W 20", 8, "W 8", 11, 2, 13, "W 13", 2, "W 2", 5, "W 5", 0.0, 0.0, 1, 1, 1, 0, 0, "54-11", "8-5  ", "0-0  ", "57-6 ", "4-10 ", "1-0  ", "62-14", "48-16", "38-11", "54-2 ", "41-6 ", "30-7 ", 120.8, 109.2, 11.7, "39-9", "15-1", "13-4", "11-4", "23-7", "6-4", "7-3", "10-0", "11-5", "9-1", "12-4", "4-0", null, null, null, null, null, "3-0", "11-4", "12-2", "43-12", "19-4"], ["00", "22023", 1610612750, "Minnesota", "Timberwolves", "West", "37-13", 1, " - x", "Northwest", "12-3 ", 1, 54, 24, 0.692, null, "54-24", "28-10", "26-14", "7-3  ", "6-4  ", "7-3  ", "1-4  ", "6-6  ", "32-9 ", 7, "W 7", 5, "W 5", 7, 2, 2, "W 2", 1, "W 1", 1, "W 1", 0.0, 0.0, 0, 0, 1, 0, 0, "37-6 ", "16-18", "1-0  ", "44-10", "7-13 ", "3-1  ", "53-20", "34-21", "31-18", "49-6 ", "36-11", "24-7 ", 113.0, 106.0, 7.0, "17-11", "6-4", "6-4", "5-3", "37-13", "12-3", "10-6", "15-4", "10-7", "8-3", "9-6", "3-1", null, null, null, null, null, "1-2", "13-2", "10-3", "39-16", "15-8"], ["00", "22023", 1610612743, "Denver", "Nuggets", "West", "30-18", 2, " - x", "Northwest", "8-6  ", 2, 54, 24, 0.692, null, "54-24", "32-8 ", "22-16", "7-3  ", "8-2  ", "7-3  ", "0-1  ", "6-5  ", "26-10", 9, "W 9", 6, "W 6", 6, 3, 3, "W 3", -1, "L 1", 1, "W 1", 0.0, 0.0, 0, 0, 1, 0, 0, "41-7 ", "10-16", "3-1  ", "46-7 ", "6-17 ", "2-0  ", "54-16", "48-24", "26-20", "51-5 ", "34-7 ", "25-8 ", 114.7, 109.7, 5.0, "24-6", "8-2", "8-2", "8-2", "30-18", "8-6", "11-7", "11-5", "10-5", "8-3", "11-4", "2-1", null, null, null, null, null, "4-0", "9-6", "10-5", "36-19", "18-5"], ["00", "22023", 1610612749, "Milwaukee", "Bucks", "East", "32-17", 2, " - x", "Central", "10-7 ", 1, 47, 31, 0.603, 1, "47-31", "29-11", "18-20", "3-7  ", "6-4  ", "4-6  ", "2-2  ", "4-6  ", "23-14", 9, "W 9", 4, "W 4", 7, 4, -4, "L 4", -1, "L 1", -4, "L 4", 15.0, 0.0, 0, 0, 1, 0, 0, "36-8 ", "11-21", "0-2  ", "40-5 ", "6-25 ", "1-1  ", "47-26", "39-31", "26-21", "36-6 ", "32-7 ", "21-11", 119.7, 116.8, 2.9, "32-17", "11-6", "10-7", "11-4", "15-14", "4-5", "5-5", "6-4", "8-8", "7-5", "8-6", "0-4", null, null, null, null, null, "2-1", "11-5", "11-2", "35-21", "12-10"], ["00", "22023", 1610612753, "Orlando", "Magic", "East", "31-18", 3, "", "Southeast", "9-7  ", 1, 46, 32, 0.59, null, "46-32", "28-12", "18-20", "6-4  ", "7-3  ", "6-4  ", "2-1  ", "6-9  ", "26-17", 9, "W 9", -5, "L 5", 9, 4, 3, "W 3", -1, "L 1", 1, "W 1", 16.0, 0.0, 0, 0, 0, 0, 0, "36-9 ", "10-22", "0-1  ", "39-1 ", "7-30 ", "0-1  ", "44-21", "26-30", "18-26", "35-5 ", "35-12", "27-12", 110.6, 108.3, 2.3, "31-18", "9-7", "13-4", "9-7", "15-14", "7-3", "2-8", "6-3", "6-10", "9-3", "9-5", "3-1", null, null, null, null, null, "2-2", "11-3", "6-8", "30-25", "16-7"], ["00", "22023", 1610612760, "Oklahoma City", "Thunder", "West", "33-16", 3, " - x", "Northwest", "12-4 ", 3, 53, 25, 0.679, null, "53-25", "29-8 ", "24-17", "5-5  ", "8-2  ", "6-4  ", "3-1  ", "6-3  ", "29-10", 9, "W 9", 4, "W 4", 6, 3, 1, "W 1", 1, "W 1", 1, "W 1", 1.0, 1.0, 0, 0, 1, 0, 0, "41-5 ", "12-19", "0-1  ", "47-4 ", "6-20 ", "0-1  ", "53-22", "43-25", "28-17", "47-6 ", "24-2 ", "37-15", 119.8, 113.5, 6.4, "20-9", "6-4", "5-4", "9-1", "33-16", "12-4", "10-7", "11-5", "11-6", "8-3", "11-4", "1-3", null, null, null, null, null, "3-1", "9-5", "10-3", "37-17", "16-8"], ["00", "22023", 1610612746, "LA", "Clippers", "West", "29-19", 4, "", "Pacific", "8-6  ", 1, 50, 28, 0.641, null, "50-28", "25-13", "25-15", "7-3  ", "5-5  ", "7-3  ", "0-1  ", "6-3  ", "27-15", 8, "W 8", -6, "L 6", 9, 6, 3, "W 3", -1, "L 1", 3, "W 3", 4.0, 0.0, 0, 0, 0, 0, 0, "37-9 ", "11-19", "2-0  ", "39-3 ", "11-23", "0-2  ", "49-24", "40-28", "25-21", "46-3 ", "33-6 ", "23-8 ", 116.1, 112.4, 3.6, "21-9", "6-4", "6-4", "9-1", "29-19", "10-8", "8-6", "11-5", "12-3", "6-5", "10-7", "3-1", null, null, null, null, null, "3-1", "5-9", "11-2", "36-17", "14-11"], ["00", "22023", 1610612752, "New York", "Knicks", "East", "31-17", 4, "", "Atlantic", "10-5 ", 2, 46, 32, 0.59, 4, "46-32", "25-14", "21-18", "5-5  ", "5-5  ", "6-4  ", "0-1  ", "3-3  ", "31-16", 7, "W 7", 5, "W 5", 9, 4, 1, "W 1", 1, "W 1", 1, "W 1", 16.0, 16.0, 0, 0, 0, 0, 0, "34-3 ", "10-28", "2-1  ", "39-3 ", "5-29 ", "2-0  ", "44-24", "27-28", "21-26", "36-1 ", "42-17", "23-14", 112.5, 108.0, 4.5, "31-17", "10-5", "9-7", "12-5", "15-15", "5-5", "6-4", "4-6", "14-2", "4-8", "9-5", "2-2", null, null, null, null, null, "2-2", "9-5", "6-8", "33-22", "13-10"], ["00", "22023", 1610612739, "Cleveland", "Cavaliers", "East", "30-20", 5, "", "Central", "10-5 ", 2, 46, 33, 0.582, null, "46-33", "24-14", "22-19", "3-7  ", "5-5  ", "2-8  ", "3-1  ", "9-5  ", "23-15", 9, "W 9", 6, "W 6", 9, 3, 2, "W 2", -3, "L 3", -3, "L 3", 16.5, 1.5, 0, 0, 0, 0, 0, "35-11", "8-22 ", "3-0  ", "40-6 ", "6-27 ", "0-0  ", "45-24", "33-33", "23-25", "40-7 ", "31-5 ", "19-17", 112.5, 110.1, 2.4, "30-20", "9-8", "10-5", "11-7", "16-13", "5-5", "4-6", "7-2", "11-2", "9-4", "7-10", "1-3", null, null, null, null, null, "1-3", "9-6", "8-5", "36-17", "10-16"], ["00", "22023", 1610612742, "Dallas", "Mavericks", "West", "31-20", 5, "", "Southwest", "11-5 ", 1, 48, 30, 0.615, null, "48-30", "25-15", "23-15", "9-1  ", "8-2  ", "7-3  ", "1-0  ", "5-2  ", "29-19", 7, "W 7", 5, "W 5", 7, 3, 7, "W 7", -1, "L 1", 3, "W 3", 6.0, 0.0, 0, 0, 0, 0, 0, "30-5 ", "16-24", "2-1  ", "37-2 ", "10-28", "1-0  ", "48-25", "40-30", "22-23", "35-3 ", "24-8 ", "29-15", 118.6, 116.0, 2.6, "17-10", "6-4", "3-6", "8-0", "31-20", "10-8", "10-7", "11-5", "7-8", "8-3", "11-4", "3-1", null, null, null, null, null, "3-0", "8-6", "8-8", "32-23", "16-7"], ["00", "22023", 1610612754, "Indiana", "Pacers", "East", "30-19", 6, "", "Central", "11-5 ", 3, 45, 34, 0.57, 2, "45-34", "25-15", "20-19", "7-3  ", "6-4  ", "6-4  ", "0-1  ", "6-5  ", "28-16", 4, "W 4", 5, "W 5", 6, 4, 4, "W 4", -2, "L 2", 2, "W 2", 17.5, 2.5, 0, 0, 0, 0, 0, "30-7 ", "14-26", "1-1  ", "40-5 ", "5-27 ", "0-2  ", "45-33", "42-34", "28-20", "40-5 ", "23-7 ", "26-20", 122.7, 120.2, 2.5, "30-19", "9-8", "11-5", "10-6", "15-15", "3-7", "5-5", "7-3", "10-7", "7-5", "8-7", "3-1", null, null, null, null, null, "2-1", "7-7", "8-6", "31-25", "14-9"], ["00", "22023", 1610612756, "Phoenix", "Suns", "West", "26-22", 6, "", "Pacific", "7-8  ", 2, 46, 32, 0.59, 4, "46-32", "25-15", "21-17", "7-3  ", "6-4  ", "6-4  ", "3-0  ", "7-6  ", "27-13", 9, "W 9", 6, "W 6", 7, 3, -1, "L 1", 1, "W 1", -1, "L 1", 8.0, 4.0, 0, 0, 0, 0, 0, "35-12", "9-20 ", "2-0  ", "42-10", "4-22 ", "0-0  ", "45-29", "40-32", "24-21", "40-16", "34-16", "16-5 ", 116.4, 113.5, 2.9, "20-10", "4-6", "8-2", "8-2", "26-22", "11-5", "7-8", "8-9", "11-5", "7-4", "8-7", "3-1", null, null, null, null, null, "2-2", "9-5", "6-8", "33-22", "13-10"], ["00", "22023", 1610612740, "New Orleans", "Pelicans", "West", "27-21", 7, "", "Southwest", "9-7  ", 2, 46, 32, 0.59, 3, "46-32", "21-18", "25-14", "4-6  ", "4-6  ", "8-2  ", "0-1  ", "1-7  ", "30-17", 5, "W 5", 7, "W 7", 4, 5, -4, "L 4", 3, "W 3", 1, "W 1", 8.0, 2.0, 0, 0, 0, 0, 0, "43-11", "3-19 ", "0-2  ", "44-9 ", "0-21 ", "2-2  ", "43-26", "35-32", "24-25", "43-7 ", "35-8 ", "26-16", 115.0, 110.5, 4.5, "19-11", "8-2", "5-5", "6-4", "27-21", "8-8", "10-6", "9-7", "8-7", "8-4", "10-4", "1-3", null, null, null, null, null, "2-1", "8-8", "9-5", "33-22", "13-10"], ["00", "22023", 1610612755, "Philadelphia", "76ers", "East", "28-21", 7, "", "Atlantic", "7-8  ", 3, 44, 35, 0.557, null, "44-35", "22-16", "22-19", "6-4  ", "5-5  ", "5-5  ", "1-2  ", "3-4  ", "24-18", 6, "W 6", 4, "W 4", 8, 4, 1, "W 1", 4, "W 4", 5, "W 5", 18.5, 18.5, 0, 0, 0, 0, 0, "35-10", "8-25 ", "1-0  ", "36-9 ", "7-25 ", "1-1  ", "41-25", "29-35", "22-24", "31-3 ", "23-5 ", "28-21", 114.5, 112.0, 2.5, "28-21", "7-8", "7-9", "14-4", "16-14", "6-4", "4-6", "6-4", "7-7", "4-8", "7-10", "4-0", null, null, null, null, null, "2-1", "10-5", "10-4", "32-22", "12-13"], ["00", "22023", 1610612748, "Miami", "Heat", "East", "29-20", 8, "", "Southeast", "12-3 ", 2, 43, 35, 0.551, null, "43-35", "20-18", "23-17", "6-4  ", "5-5  ", "5-5  ", "1-0  ", "8-4  ", "19-14", -4, "L 4", 6, "W 6", 7, 7, -1, "L 1", -1, "L 1", -1, "L 1", 19.0, 3.0, 0, 0, 0, 0, 0, "33-9 ", "8-24 ", "2-2  ", "38-9 ", "3-25 ", "2-1  ", "41-20", "30-34", "22-25", "36-2 ", "24-10", "27-14", 110.0, 108.5, 1.5, "29-20", "6-10", "11-7", "12-3", "14-15", "3-7", "5-5", "6-3", "6-10", "8-3", "8-7", "2-2", null, null, null, null, null, "1-3", "10-5", "8-5", "30-25", "13-10"], ["00", "22023", 1610612758, "Sacramento", "Kings", "West", "29-19", 8, "", "Pacific", "10-6 ", 3, 45, 33, 0.577, 2, "45-33", "23-15", "22-18", "5-5  ", "6-4  ", "6-4  ", "5-1  ", "6-4  ", "25-18", 5, "W 5", 4, "W 4", 6, 4, 2, "W 2", 1, "W 1", 1, "W 1", 9.0, 5.0, 0, 0, 0, 0, 0, "37-7 ", "7-26 ", "1-0  ", "41-6 ", "3-26 ", "1-1  ", "45-24", "35-32", "24-22", "35-3 ", "32-14", "23-15", 116.7, 115.1, 1.6, "16-14", "5-5", "5-5", "6-4", "29-19", "11-4", "10-6", "8-9", "8-7", "6-6", "10-6", "2-2", null, null, null, null, null, "2-1", "8-6", "9-5", "31-23", "14-10"], ["00", "22023", 1610612741, "Chicago", "Bulls", "East", "20-27", 9, "", "Central", "6-9  ", 4, 37, 41, 0.474, null, "37-41", "20-20", "17-21", "4-6  ", "4-6  ", "6-4  ", "7-3  ", "5-7  ", "11-24", 3, "W 3", -7, "L 7", 4, 5, 1, "W 1", -1, "L 1", -1, "L 1", 25.0, 10.0, 0, 0, 0, 0, 0, "24-11", "13-29", "0-1  ", "25-6 ", "9-34 ", "3-1  ", "37-31", "29-40", "19-30", "29-10", "22-14", "23-25", 111.7, 113.4, -1.7, "20-27", "5-10", "6-9", "9-8", "17-14", "6-4", "3-7", "8-3", "8-7", "5-5", "8-8", "1-2", null, null, null, null, null, "2-2", "4-12", "9-5", "26-29", "11-12"], ["00", "22023", 1610612747, "Los Angeles", "Lakers", "West", "25-24", 9, "", "Pacific", "7-9  ", 4, 45, 34, 0.57, 1, "45-34", "28-13", "17-21", "8-2  ", "7-3  ", "6-4  ", "4-1  ", "10-4 ", "19-24", 5, "W 5", -5, "L 5", 5, 4, -1, "L 1", 3, "W 3", -1, "L 1", 9.5, 5.5, 0, 0, 0, 0, 0, "31-5 ", "12-29", "2-0  ", "35-1 ", "10-31", "0-2  ", "45-30", "38-34", "24-27", "39-10", "27-8 ", "21-12", 117.9, 117.3, 0.6, "20-10", "6-4", "8-2", "6-4", "25-24", "9-8", "7-9", "9-7", "7-8", "9-3", "9-5", "3-1", null, null, null, null, null, "2-2", "9-7", "6-8", "30-26", "15-8"], ["00", "22023", 1610612737, "Atlanta", "Hawks", "East", "22-27", 10, "", "Southeast", "8-6  ", 3, 36, 42, 0.462, null, "36-42", "21-18", "15-24", "6-4  ", "8-2  ", "4-6  ", "4-1  ", "9-4  ", "15-20", 4, "W 4", 3, "W 3", 4, 5, 1, "W 1", -2, "L 2", -2, "L 2", 26.0, 10.0, 0, 0, 0, 0, 0, "25-12", "9-28 ", "2-2  ", "26-4 ", "8-38 ", "2-0  ", "35-37", "30-42", "18-29", "27-4 ", "24-11", "17-22", 118.7, 120.3, -1.6, "22-27", "8-11", "6-10", "8-6", "14-15", "4-5", "4-6", "6-4", "7-8", "6-6", "8-7", "2-2", null, null, null, null, null, "2-2", "7-7", "4-10", "24-31", "12-11"], ["00", "22023", 1610612744, "Golden State", "Warriors", "West", "23-25", 10, "", "Pacific", "6-9  ", 5, 43, 35, 0.551, null, "43-35", "20-19", "23-16", "7-3  ", "5-5  ", "7-3  ", "1-4  ", "4-11 ", "23-12", 8, "W 8", 8, "W 8", 6, 6, 2, "W 2", -1, "L 1", 1, "W 1", 11.0, 7.0, 0, 0, 0, 0, 0, "33-13", "8-20 ", "2-2  ", "39-11", "3-23 ", "1-1  ", "42-33", "35-35", "20-27", "37-4 ", "33-16", "16-11", 117.8, 115.4, 2.4, "20-10", "7-3", "5-5", "8-2", "23-25", "7-10", "6-9", "10-6", "5-7", "11-3", "9-7", "3-1", null, null, null, null, null, "3-1", "6-9", "6-7", "27-26", "16-9"], ["00", "22023", 1610612745, "Houston", "Rockets", "West", "26-23", 11, " - o", "Southwest", "9-7  ", 3, 38, 40, 0.487, null, "38-40", "26-14", "12-26", "5-5  ", "6-4  ", "7-3  ", "2-5  ", "8-4  ", "21-17", 11, "W 11", -9, "L 9", 11, 5, -3, "L 3", -2, "L 2", -5, "L 5", 16.0, 10.0, 0, 0, 0, 1, 1, "25-10", "12-28", "1-2  ", "31-6 ", "6-34 ", "1-0  ", "37-32", "29-40", "17-29", "23-10", "24-15", "24-18", 114.2, 113.3, 0.8, "12-17", "3-7", "5-5", "4-5", "26-23", "10-7", "7-9", "9-7", "7-10", "3-9", "13-2", "0-4", null, null, null, null, null, "0-3", "8-5", "7-7", "24-30", "14-10"], ["00", "22023", 1610612751, "Brooklyn", "Nets", "East", "23-26", 11, " - o", "Atlantic", "4-9  ", 4, 31, 48, 0.392, null, "31-48", "19-21", "12-27", "5-5  ", "6-4  ", "3-7  ", "1-4  ", "4-6  ", "17-27", -4, "L 4", -6, "L 6", 3, 6, -1, "L 1", -1, "L 1", -1, "L 1", 31.5, 31.5, 0, 0, 0, 1, 1, "21-14", "10-33", "0-1  ", "24-9 ", "7-39 ", "0-0  ", "30-34", "24-46", "13-35", "26-10", "20-15", "15-21", 110.8, 113.5, -2.7, "23-26", "4-9", "8-9", "11-8", "8-22", "2-8", "3-7", "3-7", "4-10", "4-8", "6-10", "2-2", null, null, null, null, null, "1-2", "8-7", "6-9", "21-33", "10-15"], ["00", "22023", 1610612761, "Toronto", "Raptors", "East", "18-30", 12, " - o", "Atlantic", "1-14 ", 5, 25, 53, 0.321, null, "25-53", "14-26", "11-27", "2-8  ", "2-8  ", "3-7  ", "1-3  ", "5-10 ", "10-27", -8, "L 8", -7, "L 7", 3, 15, 1, "W 1", 1, "W 1", 2, "W 2", 37.0, 37.0, 0, 0, 0, 1, 1, "19-13", "6-39 ", "0-1  ", "19-9 ", "6-44 ", "0-0  ", "24-42", "21-51", "10-35", "19-12", "21-12", "10-23", 112.6, 118.6, -6.0, "18-30", "1-14", "8-8", "9-8", "7-23", "1-9", "2-8", "4-6", "5-10", "5-7", "1-14", "2-2", null, null, null, null, null, "1-3", "8-7", "3-10", "19-36", "6-17"], ["00", "22023", 1610612762, "Utah", "Jazz", "West", "14-34", 12, " - o", "Northwest", "5-10 ", 4, 29, 49, 0.372, null, "29-49", "20-19", "9-30 ", "0-10 ", "2-8  ", "0-10 ", "2-2  ", "3-8  ", "15-32", 9, "W 9", -13, "L 13", 6, 12, -6, "L 6", -13, "L 13", -12, "L 12", 25.0, 25.0, 0, 0, 0, 1, 1, "20-5 ", "9-42 ", "0-2  ", "23-4 ", "4-40 ", "2-5  ", "29-41", "27-49", "13-38", "24-6 ", "24-26", "9-8  ", 115.9, 120.8, -4.9, "15-15", "5-5", "5-5", "5-5", "14-34", "5-10", "2-14", "7-10", "10-6", "3-8", "2-13", "0-3", null, null, null, null, null, "1-3", "5-10", "8-6", "26-30", "3-19"], ["00", "22023", 1610612763, "Memphis", "Grizzlies", "West", "14-34", 13, " - o", "Southwest", "8-7  ", 4, 27, 51, 0.346, null, "27-51", "9-29 ", "18-22", "4-6  ", "2-8  ", "5-5  ", "1-3  ", "6-2  ", "11-28", -8, "L 8", -5, "L 5", 4, 9, -1, "L 1", 2, "W 2", -1, "L 1", 27.0, 21.0, 0, 0, 0, 1, 1, "15-12", "11-38", "1-1  ", "16-4 ", "10-47", "1-0  ", "26-32", "20-49", "12-36", "21-4 ", "20-7 ", "8-25 ", 105.9, 112.7, -6.8, "13-17", "3-7", "6-4", "4-6", "14-34", "2-15", "4-12", "8-7", "8-7", "2-10", "4-11", "3-1", null, null, null, null, null, "0-4", "4-9", "6-9", "20-36", "7-15"], ["00", "22023", 1610612766, "Charlotte", "Hornets", "East", "12-37", 13, " - o", "Southeast", "5-10 ", 4, 19, 59, 0.244, null, "19-59", "11-29", "8-30 ", "2-8  ", "3-7  ", "1-9  ", "1-1  ", "6-3  ", "4-41 ", -8, "L 8", -8, "L 8", 4, 11, -1, "L 1", -4, "L 4", -1, "L 1", 43.0, 27.0, 0, 0, 0, 1, 1, "11-6 ", "8-51 ", "0-2  ", "11-6 ", "8-51 ", "0-2  ", "18-32", "15-56", "9-41 ", "17-9 ", "11-9 ", "8-28 ", 106.4, 116.6, -10.2, "12-37", "4-13", "3-14", "5-10", "7-22", "3-7", "1-9", "3-6", "3-13", "5-8", "3-12", "1-3", null, null, null, null, null, "1-2", "5-9", "1-12", "13-41", "6-18"], ["00", "22023", 1610612757, "Portland", "Trail Blazers", "West", "8-40 ", 14, " - o", "Northwest", "1-15 ", 5, 21, 57, 0.269, null, "21-57", "11-27", "10-30", "2-8  ", "2-8  ", "2-8  ", "5-3  ", "5-6  ", "5-36 ", -9, "L 9", -7, "L 7", 3, 10, -4, "L 4", -1, "L 1", -1, "L 1", 33.0, 33.0, 0, 0, 0, 1, 1, "12-10", "9-47 ", "0-0  ", "14-4 ", "6-53 ", "1-0  ", "19-37", "17-55", "8-38 ", "15-7 ", "16-20", "12-17", 106.9, 115.6, -8.6, "13-17", "5-5", "5-5", "3-7", "8-40", "1-15", "2-14", "5-11", "6-11", "0-9", "4-13", "2-2", null, null, null, null, null, "1-3", "5-9", "3-10", "15-39", "6-18"], ["00", "22023", 1610612764, "Washington", "Wizards", "East", "11-39", 14, " - o", "Southeast", "4-12 ", 5, 15, 64, 0.19, null, "15-64", "7-33 ", "8-31 ", "4-6  ", "3-7  ", "2-8  ", "0-2  ", "4-4  ", "6-34 ", -16, "L 16", -8, "L 8", 3, 16, -2, "L 2", -1, "L 1", -3, "L 3", 47.5, 31.5, 0, 0, 0, 1, 1, "12-14", "3-49 ", "0-1  ", "9-5  ", "5-58 ", "1-1  ", "15-57", "14-63", "4-44 ", "13-9 ", "8-4  ", "8-27 ", 113.4, 122.8, -9.4, "11-39", "2-16", "5-11", "4-12", "4-25", "1-8", "1-9", "2-8", "3-12", "0-12", "5-11", "1-3", null, null, null, null, null, "1-2", "2-13", "3-11", "9-45", "6-19"], ["00", "22023", 1610612759, "San Antonio", "Spurs", "West", "12-36", 15, " - o", "Southwest", "2-13 ", 5, 19, 59, 0.244, null, "19-59", "10-29", "9-30 ", "4-6  ", "3-7  ", "3-7  ", "3-2  ", "4-7  ", "10-30", -10, "L 10", -11, "L 11", 3, 18, -2, "L 2", 1, "W 1", -1, "L 1", 35.0, 29.0, 0, 0, 0, 0, 0, "13-15", "5-43 ", "1-1  ", "13-6 ", "4-49 ", "2-4  ", "19-47", "17-57", "10-38", "13-11", "12-19", "7-20 ", 112.3, 119.2, -6.9, "7-23", "3-7", "2-8", "2-8", "12-36", "5-11", "5-12", "2-13", "5-11", "2-10", "6-9", "1-2", null, null, null, null, null, "2-2", "1-13", "2-12", "11-44", "8-15"], ["00", "22023", 1610612765, "Detroit", "Pistons", "East", "10-39", 15, " - o", "Central", "2-13 ", 5, 13, 65, 0.167, null, "13-65", "7-32 ", "6-33 ", "1-9  ", "3-7  ", "2-8  ", "1-2  ", "1-7  ", "7-36 ", -14, "L 14", -18, "L 18", 2, 28, -6, "L 6", -3, "L 3", -4, "L 4", 49.0, 34.0, 0, 0, 0, 1, 1, "8-10 ", "4-53 ", "1-2  ", "10-9 ", "3-55 ", "0-1  ", "12-56", "9-65 ", "4-46 ", "12-17", "11-25", "3-17 ", 110.3, 119.2, -8.9, "10-39", "3-13", "2-13", "5-13", "3-26", "2-8", "1-9", "0-9", "3-12", "3-8", "4-12", "0-4", null, null, null, null, null, "2-2", "0-15", "1-12", "8-46", "5-19"]]}]}