{"resource": "scoreboardV2", "parameters": {"GameDate": "2024-04-09", "LeagueID": "00", "DayOffset": "0"}, "resultSets": [{"name": "GameHeader", "headers": ["GAME_DATE_EST", "GAME_SEQUENCE", "GAME_ID", "GAME_STATUS_ID", "GAME_STATUS_TEXT", "GAMECODE", "HOME_TEAM_ID", "VISITOR_TEAM_ID", "SEASON", "LIVE_PERIOD", "LIVE_PC_TIME", "NATL_TV_BROADCASTER_ABBREVIATION", "HOME_TV_BROADCASTER_ABBREVIATION", "AWAY_TV_BROADCASTER_ABBREVIATION", "LIVE_PERIOD_TIME_BCAST", "ARENA_NAME", "WH_STATUS", "WNBA_COMMISSIONER_FLAG"], "rowSet": [["2024-04-09T00:00:00", 1, "0022301144", 1, "7:00 pm ET", "20240409/DALCHA", 1610612766, 1610612742, "2023", 0, "     ", null, "BSSE-CHA", "WFAA/KSTR", "Q0       - ", "Spectrum Center", 0, 0], ["2024-04-09T00:00:00", 2, "0022301145", 1, "7:00 pm ET", "20240409/DETPHI", 1610612755, 1610612765, "2023", 0, "     ", null, "NBCSP", "BSDET/WMYD", "Q0       - ", "Wells Fargo Center", 0, 0], ["2024-04-09T00:00:00", 3, "0022301146", 1, "7:00 pm ET", "20240409/INDTOR", 1610612761, 1610612754, "2023", 0, "     ", null, "SN", "BSIN", "Q0       - ", "Scotiabank Arena", 0, 0], ["2024-04-09T00:00:00", 4, "0022301147", 1, "7:30 pm ET", "20240409/MIAATL", 1610612737, 1610612748, "2023", 0, "     ", null, "BSSE-ATL", "BSSUN", "Q0       - ", "State Farm Arena", 0, 0], ["2024-04-09T00:00:00", 5, "0022301148", 1, "7:30 pm ET", "20240409/BOSMIL", 1610612749, 1610612738, "2023", 0, "     ", "TNT/truTV", null, null, "Q0       - TNT/truTV", "Fiserv Forum", 0, 0], ["2024-04-09T00:00:00", 6, "0022301149", 1, "8:00 pm ET", "20240409/NYKCHI", 1610612741, 1610612752, "2023", 0, "     ", null, "NBCSCH+", "MSG", "Q0       - ", "United Center", 0, 0], ["2024-04-09T00:00:00", 7, "0022301150", 1, "8:00 pm ET", "20240409/ORLHOU", 1610612745, 1610612753, "2023", 0, "     ", null, "SCHN", "BSFL", "Q0       - ", "Toyota Center", 0, 0], ["2024-04-09T00:00:00", 8, "0022301151", 1, "8:00 pm ET", "20240409/SASMEM", 1610612763, 1610612759, "2023", 0, "     ", null, "BSSE-MEM", "BSSW-SA", "Q0       - ", "FedExForum", 0, 0], ["2024-04-09T00:00:00", 9, "0022301152", 1, "8:00 pm ET", "20240409/WASMIN", 1610612750, 1610612764, "2023", 0, "     ", null, "BSNX", "MNMT", "Q0       - ", "Target Center", 0, 0], ["2024-04-09T00:00:00", 10, "0022301153", 1, "8:00 pm ET", "20240409/SACOKC", 1610612760, 1610612758, "2023", 0, "     ", null, "BSOK", "NBCSCA", "Q0       - ", "Paycom Center", 0, 0], ["2024-04-09T00:00:00", 11, "0022301154", 1, "9:00 pm ET", "20240409/DENUTA", 1610612762, 1610612743, "2023", 0, "     ", null, "KJZZ", "ALT", "Q0       - ", "Delta Center", 0, 0], ["2024-04-09T00:00:00", 12, "0022301155", 1, "10:00 pm ET", "20240409/GSWLAL", 1610612747, 1610612744, "2023", 0, "     ", "TNT/truTV", "SPECSN", null, "Q0       - TNT/truTV", "Crypto.com Arena", 0, 0], ["2024-04-09T00:00:00", 13, "0022301156", 1, "10:00 pm ET", "20240409/LACPHX", 1610612756, 1610612746, "2023", 0, "     ", null, "KTVK/KPHE", "KTLA", "Q0       - ", "Footprint Center", 0, 0], ["2024-04-09T00:00:00", 14, "0022301157", 1, "10:00 pm ET", "20240409/NOPPOR", 1610612757, 1610612740, "2023", 0, "     ", null, "ROOT-SP+", "BSNO", "Q0       - ", "Moda Center", 0, 0]]}, {"name": "LineScore", "headers": ["GAME_DATE_EST", "GAME_SEQUENCE", "GAME_ID", "TEAM_ID", "TEAM_ABBREVIATION", "TEAM_CITY_NAME", "TEAM_NAME", "TEAM_WINS_LOSSES", "PTS_QTR1", "PTS_QTR2", "PTS_QTR3", "PTS_QTR4", "PTS_OT1", "PTS_OT2", "PTS_OT3", "PTS_OT4", "PTS_OT5", "PTS_OT6", "PTS_OT7", "PTS_OT8", "PTS_OT9", "PTS_OT10", "PTS", "FG_PCT", "FT_PCT", "FG3_PCT", "AST", "REB", "TOV"], "rowSet": [["2024-04-09T00:00:00", 1, "0022301144", 1610612742, "DAL", "Dallas", "Mavericks", "48-30", null, null, null, null, null, null, null, null, null, null, null, null, null, null, null, null, null, null, null, null, null], ["2024-04-09T00:00:00", 1, "0022301144", 1610612766, "CHA", "Charlotte", "Hornets", "19-59", null, null, null, null, null, null, null, null, null, null, null, null, null, null, null, null, null, null, null, null, null], ["2024-04-09T00:00:00", 2, "0022301145", 1610612765, "DET", "Detroit", "Pistons", "13-65", null, null, null, null, null, null, null, null, null, null, null, null, null, null, null, null, null, null, null, null, null], ["2024-04-09T00:00:00", 2, "0022301145", 1610612755, "PHI", "Philadelphia", "76ers", "44-35", null, null, null, null, null, null, null, null, null, null, null, null, null, null, null, null, null, null, null, null, null], ["2024-04-09T00:00:00", 3, "0022301146", 1610612761, "TOR", "Toronto", "Raptors", "25-53", null, null, null, null, null, null, null, null, null, null, null, null, null, null, null, null, null, null, null, null, null], ["2024-04-09T00:00:00", 3, "0022301146", 1610612754, "IND", "Indiana", "Pacers", "45-34", null, null, null, null, null, null, null, null, null, null, null, null, null, null, null, null, null, null, null, null, null], ["2024-04-09T00:00:00", 4, "0022301147", 1610612737, "ATL", "Atlanta", "Hawks", "36-42", null, null, null, null, null, null, null, null, null, null, null, null, null, null, null, null, null, null, null, null, null], ["2024-04-09T00:00:00", 4, "0022301147", 1610612748, "MIA", "Miami", "Heat", "43-35", null, null, null, null, null, null, null, null, null, null, null, null, null, null, null, null, null, null, null, null, null], ["2024-04-09T00:00:00", 5, "0022301148", 1610612738, "BOS", "Boston", "Celtics", "62-16", null, null, null, null, null, null, null, null, null, null, null, null, null, null, null, null, null, null, null, null, null], ["2024-04-09T00:00:00", 5, "0022301148", 1610612749, "MIL", "Milwaukee", "Bucks", "47-31", null, null, null, null, null, null, null, null, null, null, null, null, null, null, null, null, null, null, null, null, null], ["2024-04-09T00:00:00", 6, "0022301149", 1610612752, "NYK", "New York", "Knicks", "46-32", null, null, null, null, null, null, null, null, null, null, null, null, null, null, null, null, null, null, null, null, null], ["2024-04-09T00:00:00", 6, "0022301149", 1610612741, "CHI", "Chicago", "Bulls", "37-41", null, null, null, null, null, null, null, null, null, null, null, null, null, null, null, null, null, null, null, null, null], ["2024-04-09T00:00:00", 7, "0022301150", 1610612753, "ORL", "Orlando", "Magic", "46-32", null, null, null, null, null, null, null, null, null, null, null, null, null, null, null, null, null, null, null, null, null], ["2024-04-09T00:00:00", 7, "0022301150", 1610612745, "HOU", "Houston", "Rockets", "38-40", null, null, null, null, null, null, null, null, null, null, null, null, null, null, null, null, null, null, null, null, null], ["2024-04-09T00:00:00", 8, "0022301151", 1610612763, "MEM", "Memphis", "Grizzlies", "27-51", null, null, null, null, null, null, null, null, null, null, null, null, null, null, null, null, null, null, null, null, null], ["2024-04-09T00:00:00", 8, "0022301151", 1610612759, "SAS", "San Antonio", "Spurs", "19-59", null, null, null, null, null, null, null, null, null, null, null, null, null, null, null, null, null, null, null, null, null], ["2024-04-09T00:00:00", 9, "0022301152", 1610612764, "WAS", "Washington", "Wizards", "15-64", null, null, null, null, null, null, null, null, null, null, null, null, null, null, null, null, null, null, null, null, null], ["2024-04-09T00:00:00", 9, "0022301152", 1610612750, "MIN", "Minnesota", "Timberwolves", "54-24", null, null, null, null, null, null, null, null, null, null, null, null, null, null, null, null, null, null, null, null, null], ["2024-04-09T00:00:00", 10, "0022301153", 1610612758, "SAC", "Sacramento", "Kings", "45-33", null, null, null, null, null, null, null, null, null, null, null, null, null, null, null, null, null, null, null, null, null], ["2024-04-09T00:00:00", 10, "0022301153", 1610612760, "OKC", "Oklahoma City", "Thunder", "53-25", null, null, null, null, null, null, null, null, null, null, null, null, null, null, null, null, null, null, null, null, null], ["2024-04-09T00:00:00", 11, "0022301154", 1610612743, "DEN", "Denver", "Nuggets", "54-24", null, null, null, null, null, null, null, null, null, null, null, null, null, null, null, null, null, null, null, null, null], ["2024-04-09T00:00:00", 11, "0022301154", 1610612762, "UTA", "Utah", "Jazz", "29-49", null, null, null, null, null, null, null, null, null, null, null, null, null, null, null, null, null, null, null, null, null], ["2024-04-09T00:00:00", 12, "0022301155", 1610612744, "GSW", "Golden State", "Warriors", "43-35", null, null, null, null, null, null, null, null, null, null, null, null, null, null, null, null, null, null, null, null, null], ["2024-04-09T00:00:00", 12, "0022301155", 1610612747, "LAL", "Los Angeles", "Lakers", "45-34", null, null, null, null, null, null, null, null, null, null, null, null, null, null, null, null, null, null, null, null, null], ["2024-04-09T00:00:00", 13, "0022301156", 1610612746, "LAC", "LA", "Clippers", "50-28", null, null, null, null, null, null, null, null, null, null, null, null, null, null, null, null, null, null, null, null, null], ["2024-04-09T00:00:00", 13, "0022301156", 1610612756, "PHX", "Phoenix", "Suns", "46-32", null, null, null, null, null, null, null, null, null, null, null, null, null, null, null, null, null, null, null, null, null], ["2024-04-09T00:00:00", 14, "0022301157", 1610612757, "POR", "Portland", "Trail Blazers", "21-57", null, null, null, null, null, null, null, null, null, null, null, null, null, null, null, null, null, null, null, null, null], ["2024-04-09T00:00:00", 14, "0022301157", 1610612740, "NOP", "New Orleans", "Pelicans", "46-32", null, null, null, null, null, null, null, null, null, null, null, null, null, null, null, null, null, null, null, null, null]]}, {"name": "SeriesStandings", "headers": ["GAME_ID", "HOME_TEAM_ID", "VISITOR_TEAM_ID", "GAME_DATE_EST", "HOME_TEAM_WINS", "HOME_TEAM_LOSSES", "SERIES_LEADER"], "rowSet": [["0022301145", 1610612755, 1610612765, "2024-04-09T00:00:00", 3, 0, "Philadelphia"], ["0022301151", 1610612763, 1610612759, "2024-04-09T00:00:00", 3, 0, "Memphis"], ["0022301153", 1610612760, 1610612758, "2024-04-09T00:00:00", 1, 2, "Sacramento"], ["0022301146", 1610612761, 1610612754, "2024-04-09T00:00:00", 2, 1, "Toronto"], ["0022301144", 1610612766, 1610612742, "2024-04-09T00:00:00", 0, 1, "Dallas"], ["0022301155", 1610612747, 1610612744, "2024-04-09T00:00:00", 1, 2, "Golden State"], ["0022301156", 1610612756, 1610612746, "2024-04-09T00:00:00", 0, 2, "LA Clippers"], ["0022301157", 1610612757, 1610612740, "2024-04-09T00:00:00", 0, 2, "New Orleans"], ["0022301154", 1610612762, 1610612743, "2024-04-09T00:00:00", 1, 2, "Denver"], ["0022301152", 1610612750, 1610612764, "2024-04-09T00:00:00", 1, 0, "Minnesota"], ["0022301147", 1610612737, 1610612748, "2024-04-09T00:00:00", 1, 2, "Miami"], ["0022301148", 1610612749, 1610612738, "2024-04-09T00:00:00", 1, 2, "Boston"], ["0022301149", 1610612741, 1610612752, "2024-04-09T00:00:00", 1, 1, "Tied"], ["0022301150", 1610612745, 1610612753, "2024-04-09T00:00:00", 0, 1, "Orlando"]]}, {"name": "LastMeeting", "headers": ["GAME_ID", "LAST_GAME_ID", "LAST_GAME_DATE_EST", "LAST_GAME_HOME_TEAM_ID", "LAST_GAME_HOME_TEAM_CITY", "LAST_GAME_HOME_TEAM_NAME", "LAST_GAME_HOME_TEAM_ABBREVIATION", "LAST_GAME_HOME_TEAM_POINTS", "LAST_GAME_VISITOR_TEAM_ID", "LAST_GAME_VISITOR_TEAM_CITY", "LAST_GAME_VISITOR_TEAM_NAME", "LAST_GAME_VISITOR_TEAM_CITY1", "LAST_GAME_VISITOR_TEAM_POINTS"], "rowSet": [["0022301144", "0022300143", "2023-11-05T00:00:00", 1610612766, "Charlotte", "Hornets", "CHA", 118, 1610612742, "Dallas", "Mavericks", "DAL", 124], ["0022301145", "0022300327", "2023-12-15T00:00:00", 1610612755, "Philadelphia", "76ers", "PHI", 124, 1610612765, "Detroit", "Pistons", "DET", 92], ["0022301146", "0022300829", "2024-02-26T00:00:00", 1610612761, "Toronto", "Raptors", "TOR", 130, 1610612754, "Indiana", "Pacers", "IND", 122], ["0022301147", "0022300587", "2024-01-19T00:00:00", 1610612737, "Atlanta", "Hawks", "ATL", 109, 1610612748, "Miami", "Heat", "MIA", 108], ["0022301148", "0022300998", "2024-03-20T00:00:00", 1610612749, "Milwaukee", "Bucks", "MIL", 119, 1610612738, "Boston", "Celtics", "BOS", 122], ["0022301149", "0022301119", "2024-04-05T00:00:00", 1610612741, "Chicago", "Bulls", "CHI", 108, 1610612752, "New York", "Knicks", "NYK", 100], ["0022301150", "0022300066", "2023-10-25T00:00:00", 1610612745, "Houston", "Rockets", "HOU", 86, 1610612753, "Orlando", "Magic", "ORL", 116], ["0022301151", "0022301015", "2024-03-22T00:00:00", 1610612763, "Memphis", "Grizzlies", "MEM", 99, 1610612759, "San Antonio", "Spurs", "SAS", 97], ["0022301152", "0022300620", "2024-01-24T00:00:00", 1610612750, "Minnesota", "Timberwolves", "MIN", 118, 1610612764, "Washington", "Wizards", "WAS", 107], ["0022301153", "0022300760", "2024-02-11T00:00:00", 1610612760, "Oklahoma City", "Thunder", "OKC", 127, 1610612758, "Sacramento", "Kings", "SAC", 113], ["0022301154", "0022300922", "2024-03-09T00:00:00", 1610612762, "Utah", "Jazz", "UTA", 121, 1610612743, "Denver", "Nuggets", "DEN", 142], ["0022301155", "0022300973", "2024-03-16T00:00:00", 1610612747, "Los Angeles", "Lakers", "LAL", 121, 1610612744, "Golden State", "Warriors", "GSW", 128], ["0022301156", "0022300511", "2024-01-08T00:00:00", 1610612756, "Phoenix", "Suns", "PHX", 111, 1610612746, "LA", "Clippers", "LAC", 138], ["0022301157", "0022300970", "2024-03-16T00:00:00", 1610612757, "Portland", "Trail Blazers", "POR", 107, 1610612740, "New Orleans", "Pelicans", "NOP", 126]]}, {"name": "EastConfStandingsByDay", "headers": ["TEAM_ID", "LEAGUE_ID", "SEASON_ID", "STANDINGSDATE", "CONFERENCE", "TEAM", "G", "W", "L", "W_PCT", "HOME_RECORD", "ROAD_RECORD"], "rowSet": [[1610612738, "00", "22023", "04/09/2024", "East", "Boston", 78, 62, 16, 0.795, "35-3", "27-13"], [1610612749, "00", "22023", "04/09/2024", "East", "Milwaukee", 78, 47, 31, 0.603, "29-11", "18-20"], [1610612752, "00", "22023", "04/09/2024", "East", "New York", 78, 46, 32, 0.59, "25-14", "21-18"], [1610612753, "00", "22023", "04/09/2024", "East", "Orlando", 78, 46, 32, 0.59, "28-12", "18-20"], [1610612739, "00", "22023", "04/09/2024", "East", "Cleveland", 79, 46, 33, 0.582, "24-14", "22-19"], [1610612754, "00", "22023", "04/09/2024", "East", "Indiana", 79, 45, 34, 0.57, "25-15", "20-19"], [1610612755, "00", "22023", "04/09/2024", "East", "Philadelphia", 79, 44, 35, 0.557, "22-16", "22-19"], [1610612748, "00", "22023", "04/09/2024", "East", "Miami", 78, 43, 35, 0.551, "20-18", "23-17"], [1610612741, "00", "22023", "04/09/2024", "East", "Chicago", 78, 37, 41, 0.474, "20-20", "17-21"], [1610612737, "00", "22023", "04/09/2024", "East", "Atlanta", 78, 36, 42, 0.462, "21-18", "15-24"], [1610612751, "00", "22023", "04/09/2024", "East", "Brooklyn", 79, 31, 48, 0.392, "19-21", "12-27"], [1610612761, "00", "22023", "04/09/2024", "East", "Toronto", 78, 25, 53, 0.321, "14-26", "11-27"], [1610612766, "00", "22023", "04/09/2024", "East", "Charlotte", 78, 19, 59, 0.244, "11-29", "8-30"], [1610612764, "00", "22023", "04/09/2024", "East", "Washington", 79, 15, 64, 0.19, "7-33", "8-31"], [1610612765, "00", "22023", "04/09/2024", "East", "Detroit", 78, 13, 65, 0.167, "7-32", "6-33"]]}, {"name": "WestConfStandingsByDay", "headers": ["TEAM_ID", "LEAGUE_ID", "SEASON_ID", "STANDINGSDATE", "CONFERENCE", "TEAM", "G", "W", "L", "W_PCT", "HOME_RECORD", "ROAD_RECORD"], "rowSet": [[1610612743, "00", "22023", "04/09/2024", "West", "Denver", 78, 54, 24, 0.692, "32-8", "22-16"], [1610612750, "00", "22023", "04/09/2024", "West", "Minnesota", 78, 54, 24, 0.692, "28-10", "26-14"], [1610612760, "00", "22023", "04/09/2024", "West", "Oklahoma City", 78, 53, 25, 0.679, "29-8", "24-17"], [1610612746, "00", "22023", "04/09/2024", "West", "LA Clippers", 78, 50, 28, 0.641, "25-13", "25-15"], [1610612742, "00", "22023", "04/09/2024", "West", "Dallas", 78, 48, 30, 0.615, "25-15", "23-15"], [1610612740, "00", "22023", "04/09/2024", "West", "New Orleans", 78, 46, 32, 0.59, "21-18", "25-14"], [1610612756, "00", "22023", "04/09/2024", "West", "Phoenix", 78, 46, 32, 0.59, "25-15", "21-17"], [1610612758, "00", "22023", "04/09/2024", "West", "Sacramento", 78, 45, 33, 0.577, "23-15", "22-18"], [1610612747, "00", "22023", "04/09/2024", "West", "L.A. Lakers", 79, 45, 34, 0.57, "28-13", "17-21"], [1610612744, "00", "22023", "04/09/2024", "West", "Golden State", 78, 43, 35, 0.551, "20-19", "23-16"], [1610612745, "00", "22023", "04/09/2024", "West", "Houston", 78, 38, 40, 0.487, "26-14", "12-26"], [1610612762, "00", "22023", "04/09/2024", "West", "Utah", 78, 29, 49, 0.372, "20-19", "9-30"], [1610612763, "00", "22023", "04/09/2024", "West", "Memphis", 78, 27, 51, 0.346, "9-29", "18-22"], [1610612757, "00", "22023", "04/09/2024", "West", "Portland", 78, 21, 57, 0.269, "11-27", "10-30"], [1610612759, "00", "22023", "04/09/2024", "West", "San Antonio", 78, 19, 59, 0.244, "10-29", "9-30"]]}, {"name": "Available", "headers": ["GAME_ID", "PT_AVAILABLE"], "rowSet": [["0022301155", 0], ["0022301148", 0], ["0022301144", 0], ["0022301156", 0], ["0022301151", 0], ["0022301153", 0], ["0022301154", 0], ["0022301150", 0], ["0022301152", 0], ["0022301147", 0], ["0022301149", 0], ["0022301146", 0], ["0022301145", 0], ["0022301157", 0]]}, {"name": "TeamLeaders", "headers": ["GAME_ID", "TEAM_ID", "TEAM_CITY", "TEAM_NICKNAME", "TEAM_ABBREVIATION", "PTS_PLAYER_ID", "PTS_PLAYER_NAME", "PTS", "REB_PLAYER_ID", "REB_PLAYER_NAME", "REB", "AST_PLAYER_ID", "AST_PLAYER_NAME", "AST"], "rowSet": []}, {"name": "TicketLinks", "headers": ["GAME_ID", "LEAG_TIX"], "rowSet": []}, {"name": "WinProbability", "headers": [], "rowSet": []}]}